cod_ponto;sist_hidrico;localizacao;data_inicio;data_fim;municipio;id_ponto;n_ugrhi;code_muni;name_muni
SAGU02100;Rio Sapucaí Guaçu;Estrada do Horto. Ponte de madeira a jusante da futura ETE de Campos de Jordão.;2001-09-07;2013-12-31;CAMPOS DO JORDAO;346;1;3509700;Campos Do Jordão
SAGU02050;Rio Sapucaí Guaçu;Ponte na Av. Emilio Lang Jr. com a Rua Engenheiro Prudente de Moraes, na saída para a estrada do horto florestal.;2014-01-01;NA;CAMPOS DO JORDAO;2291;1;3509700;Campos Do Jordão
SAGU02250;Rio Sapucaí Guaçu;Ponte na estrada de acesso ao Borboletário, A jusante da ETE de Campos do Jordão.;2014-01-01;NA;CAMPOS DO JORDAO;2293;1;3509700;Campos Do Jordão
PDIZ00700;Ribeirão das Perdizes;Na captação da SABESP do Jardim Alpestre, em Campos do Jordão.;2019-01-01;NA;CAMPOS DO JORDAO;3303;1;3509700;Campos Do Jordão
PRAT02400;Rio da Prata;NA PONTE DA ENTRADA DO COND. RESIDENCIAL SANTO ANTONIO, A JUSANTE DA ETE.;2008-07-01;NA;SANTO ANTONIO DO PINHAL;1619;1;3548203;Santo Antônio Do Pinhal
SAMI02200;Rio Sapucaí-Mirim;Ponte na estrada Municipal de São Bento do Sapucaí - Paiol Grande, junto a régua do IGAM.;2014-01-01;NA;SAO BENTO DO SAPUCAI;2297;1;3548609;São Bento Do Sapucaí
PARB02600;Rio Paraíba do Sul;Na captação de Aparecida;1974-10-01;NA;APARECIDA;222;2;3502507;Aparecida
PARB02400;Rio Paraíba do Sul;Ponte na rua do Porto, no trecho que liga Caçapava ao bairro Menino Jesus.;1979-01-01;NA;CACAPAVA;220;2;3508504;Caçapava
PQTE02800;Rio Piquete;Na ponte da divisa de Cachoeira Paulista com Cruzeiro, na  rodovia Deputado Nesralla Rubes, altura do km 213.;2015-01-01;NA;CACHOEIRA PAULISTA;2467;2;3508603;Cachoeira Paulista
PONT04950;Córrego do Pontilhão ou Barrinha;Na sua foz, na ponte junto a linha do trem, em Cruzeiro.;2015-01-01;NA;CRUZEIRO;2422;2;3513405;Cruzeiro
ALIM02950;Ribeirão da Água Limpa;Junto a sua foz, na passarela de pedestres na Avenida Jânio Quadros, na saída para Lavrinhas.;2015-01-01;NA;CRUZEIRO;2426;2;3513405;Cruzeiro
JACU02900;Rio Jacu;Ponte sobre o rio Jacu, na divisa de Cruzeiro e Lavrinhas, na Rodovia Júlio Fortes.;2015-01-01;NA;CRUZEIRO;2429;2;3513405;Cruzeiro
PARB02800;Rio Paraíba do Sul;Ponte Hamilton Galhano, na SP-52, à montante de Cruzeiro.;2019-01-01;NA;CRUZEIRO;2258;2;3513405;Cruzeiro
GUAT02800;Rio Guaratingueta;NA CAPTAÇÃO DE GUARATINGUETA (SAEG), EM FRENTE A ETA.;2010-01-01;NA;GUARATINGUETA;1823;2;3518404;Guaratinguetá
JAGJ00400;Reservatório do Jaguari - UGRHI 02;Ponte na rodovia D. Pedro I (SP-65), no município de Igaratá.;1992-01-01;2000-12-31;IGARATA;214;2;3520202;Igaratá
PARB02200;Rio Paraíba do Sul;Junto à captação do município de Jacareí;1999-10-01;NA;JACAREI;322;2;3524402;Jacareí
PTEI02900;Rio Paratei;Ponte na estrada de acesso ao Res. Jaguari, próximo à cervejaria Brahma, em Jacareí.;2000-03-01;NA;JACAREI;330;2;3524402;Jacareí
SANT00100;Reservatório Santa Branca;No meio do corpo central, na junção dos braços Capivari e Paraibuna.;2001-09-26;NA;JAMBEIRO;347;2;3524907;Jambeiro
PARB02700;Rio Paraíba do Sul;Ponte na rodovia BR-459, no trecho que liga Lorena a Piquete.;1995-09-01;NA;LORENA;223;2;3527207;Lorena
PUNA00800;Rio Paraibuna;Ponte no bairro das Palmeiras, a montante da régua da CESP.;2012-01-01;NA;NATIVIDADE DA SERRA;2197;2;3532306;Natividade Da Serra
IUNA00950;Braço do Rio Paraibuna;NA JUNÇÃO DOS BRAÇOS DO RIO PARAIBUNA E DOS RIOS DA SERRA;2008-10-01;NA;PARAIBUNA;1668;2;3535606;Paraibuna
INGA00850;Braço do Rio Paraitinga;PRÓXIMO A ÁREA DE LAZER DA CESP;2008-08-01;NA;PARAIBUNA;1669;2;3535606;Paraibuna
UAMA00600;Rio Piracuama;No Balneário de Piracuama - Reino das Águas Claras;2019-01-01;NA;PINDAMONHANGABA;3307;2;3538006;Pindamonhangaba
UAMA00550;Rio Piracuama;Ponte sobre o rio Piracuama ao lado da Estação Centenário da Estrada de Ferro.;2015-11-23;2018-12-31;PINDAMONHANGABA;2558;2;3538006;Pindamonhangaba
PARB02530;Rio Paraíba do Sul;Na captação da SABESP de Pindamonhangaba;2004-01-01;NA;PINDAMONHANGABA;736;2;3538006;Pindamonhangaba
PARB02900;Rio Paraíba do Sul;Ponte na cidade de Queluz.;1974-10-01;NA;QUELUZ;224;2;3541901;Queluz
PARB02100;Rio Paraíba do Sul;Ponte na rodovia SP-77, no trecho que liga Jacareí a Santa Branca.;1979-01-01;NA;SANTA BRANCA;218;2;3546009;Santa Branca
PARB02050;Rio Paraíba do Sul;Na captação de  Santa Branca (SAEE),  no bairro Angola de Cima.;2004-01-01;NA;SANTA BRANCA;730;2;3546009;Santa Branca
JAGI00350;Rio Jaguari - UGRHI 02;Na régua da CESP, à montante da Cachoeira do Jaguaribe.;2012-01-01;NA;SANTA ISABEL;2193;2;3546801;Santa Isabel
JAGJ00200;Reservatório do Jaguari - UGRHI 02;Ponte na rodovia  SP 056  que liga Santa Isabel a Igaratá, no município de Santa Isabel.;1996-01-01;NA;SANTA ISABEL;213;2;3546801;Santa Isabel
JAGJ00900;Reservatório do Jaguari - UGRHI 02;NA TOMADA DÁGUA DO RESERVATÓRIO JAGUARI.;2008-08-01;NA;SÃO JOSÉ DOS CAMPOS;1670;2;3549904;São José Dos Campos
BUKI02950;Rio Buquira;Ponte na rua Alziro Lebrão, no bairro Alto da Ponte.;2016-01-01;NA;SÃO JOSÉ DOS CAMPOS;2520;2;3549904;São José Dos Campos
PARB02310;Rio Paraíba do Sul;Na captação de São José dos Campos.;2001-01-01;NA;SÃO JOSÉ DOS CAMPOS;379;2;3549904;São José Dos Campos
JAGI02700;Rio Jaguari - UGRHI 02;Ponte na estrada de acesso à indústria Petybon, no município de São José dos Campos.;1995-09-01;2000-12-31;SÃO JOSÉ DOS CAMPOS;215;2;3549904;São José Dos Campos
JAGI02900;Rio Jaguari - UGRHI 02;Próximo à foz no Rio Paraíba do Sul, no município de São José dos Campos.;1995-12-07;NA;SÃO JOSÉ DOS CAMPOS;217;2;3549904;São José Dos Campos
PARB02300;Rio Paraíba do Sul;Ponte de acesso ao loteamento Urbanova, em São José dos Campos.;1983-09-01;NA;SÃO JOSÉ DOS CAMPOS;219;2;3549904;São José Dos Campos
VIDK04900;Córrego do Vidoca;Na ponte da Travessa Lineu de Moura, próxima da foz com o Rio Paraíba do Sul.;2018-01-01;NA;SÃO JOSÉ DOS CAMPOS;2655;2;3549904;São José Dos Campos
PTIN00850;Rio Paraitinga;Na régua da CESP do Rio Paraitinga, 2 km a montante do centro da cidade S. L. Paraitinga.;2012-01-01;NA;SAO LUIS DO PARAITINGA;2198;2;3550001;São Luís Do Paraitinga
UNNA02800;Rio Una - UGRHI 02;Na captação da SABESP de Taubaté.;2005-01-01;NA;TAUBATE;796;2;3554102;Taubaté
PARB02490;Rio Paraíba do Sul;Na captação da SABESP em Tremembé, que abastece Taubaté.;1995-09-01;NA;TREMEMBÉ;221;2;3554805;Tremembé
CARO02800;Rio Claro - UGRHI 03;Na captação da SABESP do Baixo Claro.;2000-09-28;NA;CARAGUATATUBA;350;3;3510500;Caraguatatuba
TABA02900;Rio Tabatinga;Praia de Tabatinga. Ponte de madeira no final da Rua 18;2009-01-01;NA;CARAGUATATUBA;1786;3;3510500;Caraguatatuba
COCA02900;Rio Cocanha;Ponte no final da Av. Maria Carlota, na praia de Massaguaçu, junto a foz do Cór. Bacuí.;2004-01-01;NA;CARAGUATATUBA;817;3;3510500;Caraguatatuba
GUAX02950;Rio Guaxinduba;Praia Martim de Sá, Av. Casa Branca a jusante do lançamento da SABESP, Ponte sobre o Rio.;2004-01-01;NA;CARAGUATATUBA;818;3;3510500;Caraguatatuba
SATO02900;Rio Santo Antonio;Entre praia da Cidade e Frecheiras, Avenida Rio de Janeiro, a montante da Av. da Praia;2004-01-01;NA;CARAGUATATUBA;819;3;3510500;Caraguatatuba
RGOA02900;Rio Lagoa;Praia de Aruã, ponte sobre o rio na avenida Beira-Mar;2004-01-01;NA;CARAGUATATUBA;820;3;3510500;Caraguatatuba
RIJU02900;Rio Juqueriquerê;No pier do Condomínio Marina New Port.;2004-01-01;NA;CARAGUATATUBA;821;3;3510500;Caraguatatuba
MOCO02900;Rio Mocooca;Ponte na Rod. Manoel Hyppolito Rego, altura da  praia da Mocooca.;2013-05-15;NA;CARAGUATATUBA;2275;3;3510500;Caraguatatuba
NSRA02900;Rio Nossa Senhora da Ajuda;Junto a vila principal, ponte sobre o rio a 2 quarteirões da antiga cadeia;2004-01-01;NA;ILHABELA;828;3;3520400;Ilhabela
ABRA02950;Ribeirão Água Branca;Ponte na Av. Princesa Isabel, ao lado do Forum de Ilhabela;2004-01-01;NA;ILHABELA;829;3;3520400;Ilhabela
QLOM02950;Rio Quilombo;Av. Princesa Isabel ponte sobre o rio;2004-01-01;NA;ILHABELA;830;3;3520400;Ilhabela
TOCA02900;Córrego das Tocas;Ponte sobre o córrego da Toca na Rua Coronel Jose Vicente de Faria Lima, no Bairro Costa Bela, Praia de Barra Velha, em Ilhabela.;2003-01-01;NA;ILHABELA;582;3;3520400;Ilhabela
PUBA02950;Rio Paúba;Dentro da propriedade Tranesco;2004-01-01;2008-12-31;SÃO SEBASTIAO;822;3;3550704;São Sebastião
MARE02900;Rio Maresias;Ponte na Rodovia SP-55, Km 153, sobre o rio Maresias;2004-01-01;NA;SÃO SEBASTIAO;823;3;3550704;São Sebastião
BOIC02950;Rio Boiçucanga;PRAIA DE BOIÇUCANGA, SOBRE A PONTE DA AV. WALQUIR VERGANI ( SP O55 );2004-01-01;NA;SÃO SEBASTIAO;824;3;3550704;São Sebastião
BURI02950;Rio Camburi;Estrada do Cambury, na ponte sobre o rio Cambury;2004-01-01;NA;SÃO SEBASTIAO;825;3;3550704;São Sebastião
SAHI02950;Rio Saí;Ponte de madeira sobre o rio Sahy, na área urbana;2004-01-01;NA;SÃO SEBASTIAO;826;3;3550704;São Sebastião
RUNA02950;Rio Una - UGRHI 03;Atrás do cemitério, próxima a capela Nossa Senhora do Carmo;2004-01-01;NA;SÃO SEBASTIAO;827;3;3550704;São Sebastião
BALD02700;Vala de Escoamento à direita na Praia da Baleia;Vala de escoamento do lado direito do aterro sanitário,(de frente para o aterro)  na praia da Baleia;2007-01-01;NA;SÃO SEBASTIAO;1369;3;3550704;São Sebastião
BALE02700;Vala de Escoamento à esquerda na Praia da Baleia;Vala de escoamento do lado esquerdo do aterro sanitário,(de frente para o aterro)  na praia da Baleia;2007-01-01;NA;SÃO SEBASTIAO;1370;3;3550704;São Sebastião
SAFO00300;Rio São Francisco;Na captação da SABESP de São Sebastião - Bairro São Francisco.;2000-09-28;NA;SÃO SEBASTIAO;349;3;3550704;São Sebastião
BALD02600;Vala de Escoamento à direita na Praia da Baleia;Vala de escoamento do lado direito do aterro sanitário (olhando-se de frente para o aterro) na praia da Baleia.;2003-01-01;2007-05-01;SÃO SEBASTIAO;585;3;3550704;São Sebastião
BALE02600;Vala de Escoamento à esquerda na Praia da Baleia;Vala de escoamento do lado esquerdo do aterro sanitário,(de frente para o aterro)  na praia da Baleia;2003-01-01;2007-05-01;SÃO SEBASTIAO;586;3;3550704;São Sebastião
DAIA02900;Rio Indaiá;Na ponte sobre a Rodovia Rio Santos BR 101;2005-01-01;NA;UBATUBA;804;3;3555406;Ubatuba
ITAM02950;Rio Itamambuca;Próximo ao Condomínio Itamambuca;2004-01-01;NA;UBATUBA;808;3;3555406;Ubatuba
GRAN02900;Rio Grande - UGRHI 03;Praia Iperoig, sobre passarela de pedestres no mercado de peixes, jusante posto de gasolina;2004-01-01;NA;UBATUBA;810;3;3555406;Ubatuba
TAVE02950;Rio Lagoa ou Tavares;"Entre praias de Iperoig e Itaguá Rua Rio Grande do Sul; 2ª ponte a montante da praia sobre o rio";2004-01-01;NA;UBATUBA;811;3;3555406;Ubatuba
ARAU02950;Rio Acaraú;Praia de Itaguá,Rua Basílio de Moraes Cavalheiro, ponte sobre o rio.;2004-01-01;NA;UBATUBA;812;3;3555406;Ubatuba
PEMI02900;Rio Perequê-Mirim;Praia Perequê Mirim, Rodovia Rio - Santos (SP55), ponte sobre o rio;2004-01-01;NA;UBATUBA;813;3;3555406;Ubatuba
CURO02900;Rio Escuro;Rodovia Rio - Santos, ponte sobre o rio na Praia Dura.;2004-01-01;NA;UBATUBA;814;3;3555406;Ubatuba
GOIN02900;Rio Lagoinha;Ponte na Rodovia Manuel Hyppolito  Rego (SP-55).;2004-01-01;NA;UBATUBA;815;3;3555406;Ubatuba
DUBA02900;Rio Maranduba;Rodovia Rio-Santos (SP55), ponte sobre o rio;2004-01-01;NA;UBATUBA;816;3;3555406;Ubatuba
GRAN00400;Rio Grande - UGRHI 03;Na captação de agua bruta da SABESP, no bairro do  Horto Florestal, em Ubatuba.;2000-01-01;NA;UBATUBA;348;3;3555406;Ubatuba
GRAN02800;Rio Grande - UGRHI 03;Entrada do  Aterro Sanitário de Ubatuba.;2003-01-01;NA;UBATUBA;581;3;3555406;Ubatuba
BARI02950;Rio Lambari;Na foz do Rio Lambari, em frente ao rancho do Lafaiate. (Ponto 2-SJBA).;2019-01-01;NA;CACONDE;3355;4;3508702;Caconde
GRAM02950;Represa de Graminha;Represa de Graminha, próximo a tomada d'água das turbinas.  Ponto 05 -SJBA;2019-01-01;NA;CACONDE;3356;4;3508702;Caconde
CANO02001;Rio Canoas - UGRHI 04;Ponte na Rodovia SP 340,  no limite estadual entre Mococa e Arceburgo.;2016-01-01;NA;MOCOCA;2559;4;3530508;Mococa
CANO02800;Rio Canoas - UGRHI 04;Ponte na Rod. SP 338, em direção a Cajuru.;2016-01-01;NA;MOCOCA;2508;4;3530508;Mococa
PARD02100;Rio Pardo - UGRHIs 4 e 12;Ponte na rodovia SP-340, trecho que liga Casa Branca a Mococa.;1996-01-09;NA;MOCOCA;225;4;3530508;Mococa
PARD02600;Rio Pardo - UGRHIs 4 e 12;Margem direita, a 50 m da ponte da rodovia que liga Pontal a Cândia;1979-03-01;NA;PONTAL;227;4;3540200;Pontal
PARD02500;Rio Pardo - UGRHIs 4 e 12;Margem esquerda, no Clube de Regatas de Ribeirão Preto, junto a régua do DAEE 4C-001.;1974-10-01;NA;RIBEIRAO PRETO;226;4;3543402;Ribeirão Preto
RIPE04300;Ribeirão Preto;Ponte na Rua Dr. Saraba em Bonfim Paulista, junto a régua do DAEE 4C-018.;2011-01-01;NA;RIBEIRAO PRETO;2615;4;3543402;Ribeirão Preto
TKIN02950;Córrego Tanquinho;Ponte na foz do Córrego Tanquinho com o Ribeirão Preto, na Via Expressa Norte altura do nº 2320.;2017-01-01;NA;RIBEIRAO PRETO;2616;4;3543402;Ribeirão Preto
RIPE04900;Ribeirão Preto;A JUSANTE DA ETE DE RIBEIRÃO PRETO;2011-01-01;NA;RIBEIRAO PRETO;2143;4;3543402;Ribeirão Preto
RIPE04250;Ribeirão Preto;Ponte próxima da Fazenda Brejinho, na Rod. Vicinal Bonfim Paulista/Cravinhos.;2011-01-01;2016-12-31;RIBEIRAO PRETO;2140;4;3543402;Ribeirão Preto
PARD02010;Rio Pardo - UGRHIs 4 e 12;Ponte na rodovia SP-350, no trecho que liga São José do Rio Pardo à Guaxupé.;2000-10-03;NA;SÃO JOSÉ DO RIO PARDO;351;4;3549706;São José Do Rio Pardo
TDUA02700;Ribeirão do Tamanduá;Ponte na SP-333, entre Serrana e Ribeirão Preto.;2016-01-01;NA;SERRANA;2554;4;3551504;Serrana
PARD02400;Rio Pardo - UGRHIs 4 e 12;Na Rod.SP 333, na ponte velha da divisa de Serra Azul com Santa Cruz da Esperança.;2016-01-01;NA;SANTA CRUZ DA ESPERANÇA;2509;4;3546256;Santa Cruz Da Esperança
ATIB02900;Rio Atibaia;Ponte de Salto Grande, a jusante do Reservatório da CPFL.;2002-01-01;NA;AMERICANA;87;5;3501608;Americana
JAGR02800;Rio Jaguari - UGRHI 05;Na captação de Limeira, junto à regua do DAEE 4D-013.;1974-10-01;NA;AMERICANA;38;5;3501608;Americana
PCAB02100;Rio Piracicaba;Na captação de água de Americana, na localidade de Carioba. Junto à  régua do DAEE 4D-010.;1974-10-01;NA;AMERICANA;43;5;3501608;Americana
QUIL03900;Ribeirão Quilombo;Na foz no Rio Piracicaba. Na ETE de Americana, no bairro Carioba.;2002-01-01;NA;AMERICANA;62;5;3501608;Americana
ATSG02800;Reservatório de Salto Grande (UGRHI 05);No corpo central do Reservatório do Salto Grande, em frente ao Yacht Club de Americana.;2017-01-01;NA;AMERICANA;2410;5;3501608;Americana
CMDC02300;Rio Camanducaia;Ponte na estrada de acesso ao bairro Climáticas da Bocaina, Km 136,8 da Rod. das Estâncias, a montante da captação de Amparo.;2000-01-01;NA;AMPARO;40;5;3501905;Amparo
CMDC02400;Rio Camanducaia;Ponte a jusante do Córrego do Mosquito na SP - 107, Rodovia que liga Pedreira a Santo Antônio da Posse.;2000-01-01;NA;AMPARO;41;5;3501905;Amparo
CRUM02050;Rio Corumbataí;Na régua do DAEE 4D-023R, em Analândia.;2002-01-01;NA;ANALANDIA;338;5;3502002;Analândia
JUZI02400;Rio Jundiaizinho;PONTE NA ESTR.MUN. JOSÉ CINTRA, NO BAIRRO PORTÃO.;2010-01-01;NA;ATIBAIA;1950;5;3504107;Atibaia
ATIB02010;Rio Atibaia;Na captação do município de Atibaia, junto a régua do DAEE 3E-063.;1995-01-01;NA;ATIBAIA;27;5;3504107;Atibaia
BAIN02950;Rio Atibainha;Ponte sobre o Rio Atibainha na estrada que liga a Rod. D. Pedro a Piracaia.;2003-01-01;NA;BOM JESUS DOS PERDOES;601;5;3507100;Bom Jesus Dos Perdões
CAXO02800;Rio Cachoeira;Ponte sobre o Rio Cachoeira na estrada que liga a Rod. D. Pedro I a Piracaia.;2003-01-01;NA;BOM JESUS DOS PERDOES;602;5;3507100;Bom Jesus Dos Perdões
LAPE04850;Ribeirão Lavapés - UGRHI 5;Ponte na Rua Antonio Sabella, cerca de 1 km da Foz com o Rio Jaguari.;2017-01-01;NA;BRAGANCA PAULISTA;2400;5;3507605;Bragança Paulista
JAGR02130;Rio Jaguari - UGRHI 05;Ponte da estrada que liga Morungaba a Tuiuti;2013-01-01;NA;BRAGANCA PAULISTA;2306;5;3507605;Bragança Paulista
JAGR02030;Rio Jaguari - UGRHI 05;Na ponte de Guaripocaba, em Bragança Paulista;2007-01-01;NA;BRAGANCA PAULISTA;1376;5;3507605;Bragança Paulista
JAGR02050;Rio Jaguari - UGRHI 05;Ponte do Bairro Menin, em Bragança Pta.;2007-01-01;NA;BRAGANCA PAULISTA;1377;5;3507605;Bragança Paulista
JARI00800;Reservatório Jaguari - UGRHI 05;No corpo central do Res. Jaguari, em frente a ilha.;2008-01-01;NA;BRAGANCA PAULISTA;1410;5;3507605;Bragança Paulista
JAGR02010;Rio Jaguari - UGRHI 05;Na captação da SABESP de Bragança Paulista, no bairro Curitibanos.;2000-01-02;NA;BRAGANCA PAULISTA;32;5;3507605;Bragança Paulista
JAGR02100;Rio Jaguari - UGRHI 05;Ponte na rodovia SP - 95 no trecho que liga Bragança Paulista/Amparo (Km 9).;2001-01-01;NA;BRAGANCA PAULISTA;33;5;3507605;Bragança Paulista
JAGR00005;Rio Jaguari - UGRHI 05;Ponte na SP - 381 (Fernão Dias),  a jusante do reservatório da SABESP.;2002-01-01;NA;BRAGANCA PAULISTA;337;5;3507605;Bragança Paulista
LAPE04900;Ribeirão Lavapés - UGRHI 5;Na Foz com o Rio Jaguari.;2004-01-01;2016-12-31;BRAGANCA PAULISTA;629;5;3507605;Bragança Paulista
IRIS02100;Rio Piraí;Na captação de Cabreúva, no Bairro do Jacaré.;2000-01-01;NA;CABREÚVA;274;5;3508405;Cabreúva
IRIS02200;Rio Piraí;Ponte na Rodovia Marechal Rondon em frente à indústria Crown Cork.;2000-01-01;NA;CABREÚVA;275;5;3508405;Cabreúva
IRIS02250;Rio Piraí;Na Ponte de concreto na saída para o Bairro do Pinhal.;2000-01-01;NA;CABREÚVA;276;5;3508405;Cabreúva
IRIS02400;Rio Piraí;Estrada sentido Faz. Santana, após aproximadamente 500m do trevo.;2000-01-01;NA;CABREÚVA;277;5;3508405;Cabreúva
IRIS02600;Rio Piraí;Rodovia Marechal Rondon,  altura do km 91, nos fundos da Olaria Tijolar.;2000-01-01;NA;CABREÚVA;278;5;3508405;Cabreúva
ATIB02065;Rio Atibaia;Na captação de Campinas, na divisa de municípios  Campinas/Valinhos. Junto à régua do DAEE 3D-003.;1979-01-01;NA;CAMPINAS;83;5;3509502;Campinas
CPIV02130;Rio Capivari;Na captação de Campinas-ETA Capivari na Rodovia dos  Bandeirantes.;1995-03-01;NA;CAMPINAS;66;5;3509502;Campinas
CPIV02160;Rio Capivari;Na estrada de terra que liga Campinas a Monte Mor.;2000-01-01;NA;CAMPINAS;67;5;3509502;Campinas
PIÇA04850;Rio do Piçarrão;Ponte na Av. John Boyd Dunlop, Jardim Florence. Cerca de 5 km à montante da ETE Capivari da SANASA.;2016-06-30;NA;CAMPINAS;2581;5;3509502;Campinas
QUIL03030;Ribeirão Quilombo;Ponte da Estr. Mun. Joannine Caumo na divisa Campinas/ Sumaré. Cerca de 500m à jusante da ETE San Martin da SANASA.;2018-01-01;NA;CAMPINAS;2661;5;3509502;Campinas
JUNA02010;Rio Jundiaí - UGRHI 05;Na captação de Campo Limpo Paulista.;2000-01-01;NA;CAMPO LIMPO PAULISTA;71;5;3509601;Campo Limpo Paulista
JUNA02020;Rio Jundiaí - UGRHI 05;Ponte na Av. Aderbal  da Costa Madeira, 50m a jusante do lançamento da Krupp,(Ind. Siderúrgica).;1977-01-01;NA;CAMPO LIMPO PAULISTA;72;5;3509601;Campo Limpo Paulista
CPIV02230;Rio Capivari;Ponte na Rodovia SP-101, entre Tiête e Capivari a montante da ETERBRÁS (antiga Brasilit).;NA;2002-12-31;CAPIVARI;69;5;3510401;Capivari
CRUM02300;Rio Corumbataí;No Bairro Recreio, Usina Tamandupá, em Charqueada, junto a DAEE 4D-021.;2000-01-01;NA;CHARQUEADA;339;5;3511706;Charqueada
ABCA02300;Córrego Agua Branca;A montante da Represa Agua Branca, a 500 m depois da ENCEFRA;2008-01-01;NA;CORDEIROPOLIS;1551;5;3512407;Cordeirópolis
ABCA02500;Córrego Agua Branca;No meio da represa do Cor. Água Branca.;2008-01-01;NA;CORDEIROPOLIS;1552;5;3512407;Cordeirópolis
ABCA02700;Córrego Agua Branca;A jusante da Represa Do Córrego Agua Branca;2008-01-01;NA;CORDEIROPOLIS;1553;5;3512407;Cordeirópolis
TATU02030;Ribeirão Tatu;A montante do Cór. Água Branca;2008-01-01;NA;CORDEIROPOLIS;1554;5;3512407;Cordeirópolis
TATU02050;Ribeirão Tatu;No meio da Represa do Rio Tatu/ Barro Preto;2008-01-01;NA;CORDEIROPOLIS;1555;5;3512407;Cordeirópolis
TATU02060;Ribeirão Tatu;Na saída da represa do Rib Tatu, Barro Preto;2008-01-01;NA;CORDEIROPOLIS;1556;5;3512407;Cordeirópolis
TATU02080;Ribeirão Tatu;No meio da represa do Rio Tatu/ Ramenzoni;2008-01-01;NA;CORDEIROPOLIS;1557;5;3512407;Cordeirópolis
HORT02800;Córrego do Horto Florestal;Ponte do Córrego do Horto Florestal, a montante da represa do Barro Preto;2008-01-01;NA;CORDEIROPOLIS;1558;5;3512407;Cordeirópolis
TATU02100;Ribeirão Tatu;Ponte de madeira a jusante do município de Cordeirópolis.;2002-01-01;2002-12-31;CORDEIROPOLIS;57;5;3512407;Cordeirópolis
TREB02950;Ribeirão Três Barras;Na foz do Rib. Tres Barras com o Rio Pirapitingui.;2003-01-01;NA;COSMOPOLIS;606;5;3512803;Cosmópolis
IRIS02900;Rio Piraí;Na barragem de captação dos municípios de Salto e Indaiatuba.;1997-01-01;NA;INDAIATUBA;320;5;3520509;Indaiatuba
JUNA03270;Rio Jundiaí - UGRHI 05;Na ponte de concreto, logo após a estrada de ferro, no distrito de Itaici, em Indaiatuba.;1974-01-01;NA;INDAIATUBA;76;5;3520509;Indaiatuba
PCAB02160;Rio Piracicaba;Na margem direita, aproximadamente 800m a montante da foz do Ribeirão dos Coqueiros, em Iracemápolis.;1980-01-01;2000-12-31;IRACEMÁPOLIS;46;5;3521408;Iracemápolis
ATIB02025;Rio Atibaia;Na captação de Jundiaí, na ponte sobre o rio Atibaia.;2001-01-01;2002-12-31;ITATIBA;28;5;3523404;Itatiba
ATIB02030;Rio Atibaia;Na captação de Itatiba. Rua Fioravante Piovani.;2002-01-01;NA;ITATIBA;29;5;3523404;Itatiba
JUNA03200;Rio Jundiaí - UGRHI 05;Ponte sobre o Rio Jundiai, na estrada do Bairro Monte Serrat.;2000-01-01;NA;ITUPEVA;75;5;3524006;Itupeva
JUNA03190;Rio Jundiaí - UGRHI 05;Ponte de acesso à Akzo Nobel, em Itupeva.;2002-01-01;NA;ITUPEVA;371;5;3524006;Itupeva
CXBU02900;Ribeirao do Caxambu;NA CAPTAÇÃO DE ITUPEVA;2010-01-01;NA;ITUPEVA;1947;5;3524006;Itupeva
JAGR02300;Rio Jaguari - UGRHI 05;Na captação de Jaguariúna - DAE.;2000-01-01;NA;JAGUARIUNA;35;5;3524709;Jaguariúna
JAGR02400;Rio Jaguari - UGRHI 05;Na ponte da rodovia SP340.;2000-01-01;NA;JAGUARIUNA;36;5;3524709;Jaguariúna
CMDC02900;Rio Camanducaia;Ponte na rodovia SP-340 no trecho que liga Campinas à Mogi-Mirim.;1995-01-01;NA;JAGUARIUNA;173;5;3524709;Jaguariúna
JUMI00100;Ribeirão Jundiaí-Mirim;No bairro Pitangal, em Jarinu.;2002-01-01;NA;JARINU;78;5;3525201;Jarinu
JCRE00100;Reservatório do Rio Jacareí-UGRHI 05;A cerca de 500m do túnel 7.;2014-07-17;NA;JOANOPOLIS;2396;5;3525508;Joanópolis
JUMI00250;Ribeirão Jundiaí-Mirim;Ponte na Estrada Jundiaí/Jarinu, em frente ao Condomínio Campo Verde.;2002-01-01;NA;JUNDIAÍ;79;5;3525904;Jundiaí
JUMI00500;Ribeirão Jundiaí-Mirim;Ponte a jusante da Cereser.;2002-01-01;NA;JUNDIAÍ;80;5;3525904;Jundiaí
JUMI00800;Ribeirão Jundiaí-Mirim;Na captação de Jundiaí.;2002-01-01;NA;JUNDIAÍ;82;5;3525904;Jundiaí
JUNA03150;Rio Jundiaí - UGRHI 05;Na Ponte da Av. Antônio Frederico Ozanan, alt. da Rua Angelo Corradini.;2000-01-01;NA;JUNDIAÍ;74;5;3525904;Jundiaí
CPIV02030;Rio Capivari;Ponte na Estrada SP 360 Jundiaí/Itatiba, no bairro do Mato - dentro.;2000-01-01;NA;JUNDIAÍ;63;5;3525904;Jundiaí
PIAL02900;Ribeirão do Pinhal;No canal do Rib.Pinhal na Captação Águas de Limeira.;2003-01-02;NA;LIMEIRA;627;5;3526902;Limeira
TATU04850;Ribeirão Tatu;Ponte 2 Km a montante da foz do Rio Piracicaba.;2002-01-01;NA;LIMEIRA;58;5;3526902;Limeira
PCAB02135;Rio Piracicaba;Na ponte de concreto da estrada Americana-Limeira, na divisa de Limeira e Sta. Bárbara d'Oeste.;1979-11-01;NA;LIMEIRA;44;5;3526902;Limeira
CPIV02060;Rio Capivari;Ponte próxima à  Granja Dina,  em Louveira.;2000-01-01;NA;LOUVEIRA;64;5;3527306;Louveira
CMDC02050;Rio Camanducaia;Ponte no Distrito de Mostardas, Amparo;2003-01-01;NA;MONTE ALEGRE DO SUL;603;5;3531209;Monte Alegre Do Sul
CMDC02100;Rio Camanducaia;Ponte no Bairro Ponte Preta no acesso à Osato, em Monte A. do Sul.;2001-01-01;NA;MONTE ALEGRE DO SUL;336;5;3531209;Monte Alegre Do Sul
CPIV02200;Rio Capivari;Ponte na estrada que liga Monte Mor a Fazenda Rio Acima.;1974-10-01;NA;MONTE MOR;68;5;3531803;Monte Mor
RAIN00880;Represa do Rio Atibainha;Em frente as obras de colocação da bomba para captação do volume morto, antes da Ensecadeira. Em frente ao muro da Estrada que liga Nazaré-Guarulhos.;2014-04-23;NA;NAZARE PAULISTA;2377;5;3532405;Nazaré Paulista
ATIB02270;Rio Atibaia;MONTANTE DA RHODIA (CANAL DE CAPTAÇÃO DA RHODIA);2008-01-01;NA;PAULINIA;1573;5;3536505;Paulínia
ATIB02280;Rio Atibaia;RIO ATIBAIA, na ponte da RHODIA;2008-01-01;NA;PAULINIA;1574;5;3536505;Paulínia
NUMA04990;Ribeirão Anhumas;RIBEIRÃO ANHUMAS, PONTE DO RESTAURANTE RHODIA;2008-01-01;NA;PAULINIA;1575;5;3536505;Paulínia
ATIB02350;Rio Atibaia;RIO ATIBAIA, A JUSANTE DA RHODIA E A MONTANTE DA BANN.;2008-01-01;NA;PAULINIA;1576;5;3536505;Paulínia
ATIB02400;Rio Atibaia;RIO ATIBAIA, A JUSANTE DA BANN QUÍMICA E MONTANTE DA HÉRCULES, PROX. DA ESTRADA DE FERRO;2008-01-01;NA;PAULINIA;1577;5;3536505;Paulínia
ATIB02430;Rio Atibaia;RIO ATIBAIA,  A JUSANTE DA HÉRCULES E A MONTANTE DA REPLAN;2008-01-01;NA;PAULINIA;1578;5;3536505;Paulínia
ATIB02450;Rio Atibaia;RIO ATIBAIA, A JUSANTE DA REPLAN E A MONTANTE DA KRATON;2008-01-01;NA;PAULINIA;1579;5;3536505;Paulínia
NUMA04900;Ribeirão Anhumas;Próximo à foz no Rio Atibaia. Ponte antes da entrada da Rhodia, saindo de Paulínia.;2002-01-01;NA;PAULINIA;31;5;3536505;Paulínia
JAGR02500;Rio Jaguari - UGRHI 05;"Na ponte da rodovia SP332, próximo às captações de Paulínia e Hortolândia.
A montante do lançamento Antibióticos do Brasil e a jusante do lançamento da Globe Química.";2001-01-01;NA;PAULINIA;37;5;3536505;Paulínia
ATIB02300;Rio Atibaia;Na captação da Rhodia, em Paulínia.;2002-01-01;NA;PAULINIA;84;5;3536505;Paulínia
ATIB02605;Rio Atibaia;Ponte da Rodovia SP - 332 que liga Campinas a Cosmópolis.;1979-01-01;NA;PAULINIA;85;5;3536505;Paulínia
ATIB02800;Rio Atibaia;Na captação de Sumaré,  perto do Mini-Pantanal de Paulinia.;2002-01-01;NA;PAULINIA;86;5;3536505;Paulínia
JAGR02200;Rio Jaguari - UGRHI 05;Ponte Pênsil, na captação de Pedreira.;2000-01-01;NA;PEDREIRA;34;5;3537107;Pedreira
CACH00892;Reservatório do Rio Cachoeira;Na margem próxima a barragem, a 600m da Praia da Tulipa;2015-02-05;2015-02-05;PIRACAIA;2567;5;3538600;Piracaia
JCRE00200;Reservatório do Rio Jacareí-UGRHI 05;A cerca de  3km do Emboque do Túnel 7 das obras da Sabesp emergenciais do Sist. Cantareira.;2014-02-24;NA;PIRACAIA;2370;5;3538600;Piracaia
CACH00500;Reservatório do Rio Cachoeira;No meio do corpo central, cerca de 3,5 km da barragem;2014-05-01;NA;PIRACAIA;2383;5;3538600;Piracaia
PCAB02192;Rio Piracicaba;Ponte a 50m do Km 135,3 da estrada que liga Piracicaba a Limeira, próximo à Usina Monte Alegre.;1977-01-01;NA;PIRACICABA;47;5;3538709;Piracicaba
PCAB02220;Rio Piracicaba;Margem esquerda, 2,5 Km a jusante da foz do Rib. Piracica-Mirim, na captação de Piracicaba.;1995-12-17;NA;PIRACICABA;48;5;3538709;Piracicaba
PCAB02300;Rio Piracicaba;Na ponte do Caixão.;2002-01-01;NA;PIRACICABA;49;5;3538709;Piracicaba
PCAB02800;Rio Piracicaba;Em frente à fonte sulfurosa, junto ao posto 4D-07 do DAEE, na localidade de Artemis.;1974-10-01;NA;PIRACICABA;50;5;3538709;Piracicaba
PIMI02900;Ribeirão Piracicamirim;Na foz com o Rio Piracicaba.;2002-01-01;NA;PIRACICABA;59;5;3538709;Piracicaba
CRUM02500;Rio Corumbataí;Na captação da SEMAE de Piracicaba.;1974-10-01;NA;PIRACICABA;54;5;3538709;Piracicaba
CRUM02900;Rio Corumbataí;Na foz com o Rio Piracicaba.;2002-01-01;2016-12-31;PIRACICABA;56;5;3538709;Piracicaba
CRUM02850;Rio Corumbataí;A 1 km da foz com o Rio Piracicaba. Ponte na R. Virgílio da Silva Fagundes.;2017-01-01;NA;PIRACICABA;2618;5;3538709;Piracicaba
TJCO03750;Ribeirão Tijuco Preto;Ponte dentro do Horto Florestal de Tupi.;2020-01-01;NA;PIRACICABA;3392;5;3538709;Piracicaba
CPIV02700;Rio Capivari;Ponte na Represa da Usina São Paulo.;2003-01-01;NA;RAFARD;604;5;3542107;Rafard
LARO02500;Rio Claro - UGRHI 05;NA CAPTAÇÃO ETA I-RIO CLARO, PROXIMO DO HORTO FLORESTAL;2010-01-01;NA;RIO CLARO;1945;5;3543907;Rio Claro
CRUM02080;Rio Corumbataí;NA CAPTAÇÃO DA ETA II DE RIO CLARO, A MONTANTE DO BARRAMENTO;2010-01-01;NA;RIO CLARO;1946;5;3543907;Rio Claro
LARO02900;Rio Claro - UGRHI 05;Na ponte próxima à foz, no Rio Corumbataí, no distrito de Assistência;2005-01-01;NA;RIO CLARO;806;5;3543907;Rio Claro
CRUM02100;Rio Corumbataí;Ponte na Rodovia São Pedro/Araras, próximo ao Distrito industrial de Rio Claro.;2002-01-01;NA;RIO CLARO;52;5;3543907;Rio Claro
CRUM02200;Rio Corumbataí;Ponte na Estr. Assistência/Paraisolândia.;2001-01-01;NA;RIO CLARO;53;5;3543907;Rio Claro
JUNA03700;Rio Jundiaí - UGRHI 05;Ponte no Jardim das Nações, em Salto.;2002-01-01;NA;SALTO;372;5;3545209;Salto
JUNA03900;Rio Jundiaí - UGRHI 05;Ponte na Praça Álvaro Guião, próximo à foz com o Rio Tietê, na área urbana de Salto.;1992-01-01;NA;SALTO;77;5;3545209;Salto
TOLE03750;Ribeirão dos Toledos;Ponte próxima da Rua Rafarde,Bairro São Joaquim.;2015-01-01;NA;SANTA BARBARA D OESTE;2485;5;3545803;Santa Bárbara D'oeste
TOLE03900;Ribeirão dos Toledos;Ponte  de madeira, na foz com o  Rio Piracicaba.;2002-01-01;2015-12-31;SANTA BARBARA D OESTE;60;5;3545803;Santa Bárbara D'oeste
GERT02200;Córrego Santa Gertrudes;Na estrada da Fazenda Goiapá, em Santa Gertrudes.;2003-01-01;2016-02-02;SANTA GERTRUDES;624;5;3546702;Santa Gertrudes
GERT02100;Córrego Santa Gertrudes;Na Fazenda Boa Vista, em Santa Gertrudes.;2003-01-01;2005-12-01;SANTA GERTRUDES;626;5;3546702;Santa Gertrudes
GERT02500;Córrego Santa Gertrudes;Na captação de Santa Gertrudes;2007-01-01;NA;SANTA GERTRUDES;1342;5;3546702;Santa Gertrudes
PCBP02500;Braço do Rio Piracicaba;Ponte na rodovia SP-191, no trecho que liga Santa Maria da Serra a São Manuel.;1995-11-07;NA;SANTA MARIA DA SERRA;51;5;3547007;Santa Maria Da Serra
QUIL03200;Ribeirão Quilombo;Ponte na estrada que liga a Via Anhanguera a Paulínia.;2002-01-01;NA;SUMARE;61;5;3552403;Sumaré
TIJU02500;Ribeirão Tijuco Preto;A jusante do lançamento da empresa Buckman.;2002-01-01;2002-12-31;SUMARE;340;5;3552403;Sumaré
TIJU02900;Ribeirão Tijuco Preto;Próximo à sua foz.;2002-01-01;NA;SUMARE;341;5;3552403;Sumaré
QUIL03500;Ribeirão Quilombo;Na passarela de pedestres em frente a Rua 2. `A montante da ETE Palmital de Nova Odessa.;2018-01-01;NA;SUMARE;2660;5;3552403;Sumaré
JCBA02950;Ribeirão Jacuba;Ponte na Estrada Municipal Teodora Condiev, próximo da foz com o Rio Quilombo.;2018-02-01;NA;SUMARE;2662;5;3552403;Sumaré
CPIV02900;Rio Capivari;Ponte no canavial, próximo à foz do Rio Tietê.;1997-02-01;NA;TIETE;172;5;3554508;Tietê
PINO03400;Ribeirão Pinheiros;Ponte na Rua Agostinho Ramos, a jusante da ETE Vinhedo (SANESAVI).;2014-05-01;NA;VALINHOS;2380;5;3556206;Valinhos
PINO03500;Ribeirão Pinheiros;Ponte à montante da Rigesa, no centro de Valinhos.;2002-01-01;2002-12-31;VALINHOS;88;5;3556206;Valinhos
PINO03900;Ribeirão Pinheiros;Ponte na Marginal paralela à Rod.Dom Pedro, alt. Km 122,5 (sentido Campinas) .Próximo à foz no Rio Atibaia.;2002-11-01;NA;VALINHOS;89;5;3556206;Valinhos
ATIB02035;Rio Atibaia;Na captação de Valinhos, junto a régua do DAEE 3D-007.;2000-01-01;NA;VALINHOS;30;5;3556206;Valinhos
JUNA02100;Rio Jundiaí - UGRHI 05;Passarela na Av. Marginal do Rio Jundiaí (Rod. SP-332), altura do núm. 3100.;2000-01-01;NA;VÁRZEA PAULISTA;73;5;3556503;Várzea Paulista
CPIV02100;Rio Capivari;No condomínio São Joaquim, em Vinhedo.;2000-01-01;NA;VINHEDO;65;5;3556701;Vinhedo
PINO02100;Ribeirão Pinheiros;Ponte a montante da ETE de Vinhedo. O córrego esta correndo  'a esquerda, paralelamente a  Rod.dos Andradas, no trecho urbano de Vinhedo.;2002-01-01;NA;VINHEDO;373;5;3556701;Vinhedo
JCRE00500;Reservatório do Rio Jacareí-UGRHI 05;No corpo central;2014-10-09;NA;VARGEM;2401;5;3556354;Vargem
JAGR00002;Rio Jaguari - UGRHI 05;Ponte sobre o Rio Jaguari, no Km 2 a montante do reservatório da SABESP.;2004-01-01;NA;VARGEM;719;5;3556354;Vargem
GUAR00900;Reservatório do Guarapiranga;Na Captação da SABESP junto à casa de Bombas.;1974-10-01;NA;SÃO PAULO;106;6;3550308;São Paulo
TIET04180;Rio Tietê;Ponte das Bandeiras, na Av. Santos Dumont.;1998-01-01;NA;SÃO PAULO;118;6;3550308;São Paulo
TAMT04900;Rio Tamanduateí;Ponte na Av. Santos Dumont, em frente à Secretaria dos Transportes, em São Paulo;1977-01-01;NA;SÃO PAULO;120;6;3550308;São Paulo
PINH04900;Rio Pinheiros;Próximo à sua foz no Rio Tietê, na Estrutura de Retiro.;1998-01-01;NA;SÃO PAULO;122;6;3550308;São Paulo
EMMI02900;Rio Embu-Mirim;Ponte na estrada do M`Boi Mirim (SP-214).;1994-01-01;NA;SÃO PAULO;134;6;3550308;São Paulo
PINH04100;Rio Pinheiros;Na Usina Elevatória de Pedreira, no centro do canal;1977-01-01;NA;SÃO PAULO;136;6;3550308;São Paulo
TIET04200;Rio Tietê;Ponte dos Remédios, na Av. Marginal (Rodovia Presidente Castelo Branco).;1976-01-01;NA;SÃO PAULO;132;6;3550308;São Paulo
GUAR00100;Reservatório do Guarapiranga;No meio do Braço do Rio Parelheiros, no bairro do Balneário São José;1999-01-01;NA;SÃO PAULO;143;6;3550308;São Paulo
BITQ00100;Braço do Ribeirão Taquacetuba;Na baía situada no final da rua Tomekichi Inouye (captação da SABESP);1999-01-01;NA;SÃO PAULO;145;6;3550308;São Paulo
BILL02100;Reservatório Billings;No meio do corpo central, na direção do braço do Bororé.;1999-01-01;NA;SÃO PAULO;146;6;3550308;São Paulo
ENGO00900;Reservatório do Engordador;Junto à barragem.;1977-01-01;1978-12-12;SÃO PAULO;298;6;3550308;São Paulo
TIET04170;Rio Tietê;Ponte na Av. Aricanduva;2001-01-01;NA;SÃO PAULO;355;6;3550308;São Paulo
DUVA04900;Rio Aricanduva;Ponte Ely Lopes Meireles, no município de São Paulo.;2001-01-01;NA;SÃO PAULO;356;6;3550308;São Paulo
NINO04900;Ribeirão dos Meninos;Ponte da Av. do Estado, na divisa dos municípios de São Paulo e São Caetano do Sul.;2001-12-02;NA;SÃO PAULO;357;6;3550308;São Paulo
PINH04190;Rio Pinheiros;Margem esquerda do canal  Pinheiros, entre a  Est.Flot.1- Pinheiros/Zavuvus)  e a ponte de Interlagos .;2003-03-03;NA;SÃO PAULO;611;6;3550308;São Paulo
PINH04105;Rio Pinheiros;Na margem esquerda do Canal,  perto da Usina Elevatória de Pedreira,  depois da  Est.Flot (2) Pinheiros/Pedreira, em frente a Est. do Kfw.;2003-03-03;NA;SÃO PAULO;612;6;3550308;São Paulo
PINH04110;Rio Pinheiros;Margem esquerda do canal  Pinheiros, entre a ponte de Interlagos e EF (2) Pinheiros/Pedreira.;2003-03-03;NA;SÃO PAULO;613;6;3550308;São Paulo
PINH04200;Rio Pinheiros;Antes da Est.Flot.1- Pinheiros/Zavuvus) , em frente à estação de Jurubatuba.;2003-03-03;NA;SÃO PAULO;615;6;3550308;São Paulo
CABU04700;Rio Cabuçu;Ponte na Rod. Fernão Dias, altura do km 88, perto da passarela do Parque Edú Chaves.;2007-11-01;NA;SÃO PAULO;1355;6;3550308;São Paulo
BILL02030;Reservatório Billings;No meio do corpo central, cerca de 1,5 km da Barragem de Pedreira.;2007-01-01;NA;SÃO PAULO;1386;6;3550308;São Paulo
KERA04990;Ribeirão Itaquera;A CERCA DE 70 M DA SUA FOZ NO RIO TIETE;2009-01-01;NA;SÃO PAULO;1720;6;3550308;São Paulo
LJAR02990;Lago 1 do Parque do Jaragua;NA SAÍDA DO LAGO 1 DO PICO DO JARAGUÁ;2008-11-01;NA;SÃO PAULO;1773;6;3550308;São Paulo
VEME04200;Ribeirão Vermelho ou Mutinga;NA ESTRADA DA PORTARIA 2 DO PARQUE DA JARAGUA, A MONTANTE DA ALDEIA INDÍGENA.;2008-11-01;NA;SÃO PAULO;1774;6;3550308;São Paulo
VEME04175;Ribeirão Vermelho ou Mutinga;NO MEIO DO LAGO 2 DO PARQUE DO PICO DO JARAGUÁ;2008-11-01;NA;SÃO PAULO;1776;6;3550308;São Paulo
VEME04150;Ribeirão Vermelho ou Mutinga;PORTARIA 1, PRÓXIMO AO ESTACIONAMENTO DE ONIBUS;2008-11-01;NA;SÃO PAULO;1777;6;3550308;São Paulo
CIPO00900;Ribeirão do Cipó;Ponte R. Afonso Pena, cerca de 200m do cruzamento com a Av. Luza Corrêa, no bairro Cipó.;2009-01-01;NA;SÃO PAULO;1782;6;3550308;São Paulo
PINH04250;Rio Pinheiros;NA PONTE DO SOCORRO.;2009-01-01;NA;SÃO PAULO;1783;6;3550308;São Paulo
PINH04500;Rio Pinheiros;EMBAIXO DA PONTE ARI TORRES (AV. BANDEIRANTES).;2009-01-01;NA;SÃO PAULO;1784;6;3550308;São Paulo
VEME04250;Ribeirão Vermelho ou Mutinga;NA ALDEIA INDÍGENA JARAGUÁ, A JUSANTE DO LAGO DO PARQUE DO JARAGUÁ;2010-04-26;NA;SÃO PAULO;2088;6;3550308;São Paulo
TAMT04600;Rio Tamanduateí;Ponte na Av. Francisco Mesquita, 1000, em frente ao Plaza Shopping, junto a régua DAEE para PQS.;2012-01-01;NA;SÃO PAULO;2190;6;3550308;São Paulo
UARE04550;Córrego do Jaguaré;Ponte na Av. Politecnica com a Rua Jorge Waard, no Rio Pequeno.;2012-01-01;NA;SÃO PAULO;2194;6;3550308;São Paulo
SPRA04850;Córrego Águas Espraiadas;Ponte na Av. Roberto Marinho com a Rua Ribeiro do Vale, no Brooklin Paulista.;2012-01-01;NA;SÃO PAULO;2195;6;3550308;São Paulo
ZVUS04950;Córrego Zavuvus;Ponte em frente a entrada da Estação CPTM Jurubatuba;2012-01-01;NA;SÃO PAULO;2196;6;3550308;São Paulo
JUÇA04900;Córrego do Pirajussara;Ponte na entrada da USP;2012-01-01;NA;SÃO PAULO;2192;6;3550308;São Paulo
IPIR04900;Córrego do Ipiranga;Ponte na Praça do Monumento, em frente a estátua de Dom Pedro.;2012-01-01;NA;SÃO PAULO;2200;6;3550308;São Paulo
TUPU00900;Córrego do ITUPU;Ponte na Estrada do Riviera,  próximo da Av. Nova Arcadia, junto a foz na represa Guarapiranga.;2019-01-01;NA;SÃO PAULO;2582;6;3550308;São Paulo
ESSE04800;Córrego do Morro do S;Na Av. Caldeira Filho, próximo ao posto SAISP 347 (Morro do S-CL). Junto à travessia da Rua Joaquim Nunes Teixeira.;2019-04-03;NA;SÃO PAULO;3315;6;3550308;São Paulo
CORD04900;Córrego Parque do Cordeiro;Dreno de acesso da SABESP ao Córrego do Cordeiro , canalizado, em frente à Telhanorte, em sua foz junto ao dreno do Brooklyn.;NA;NA;SÃO PAULO;3316;6;3550308;São Paulo
MACK04900;Córrego da Av. Alexandre Mackenzie;No trevo da Av. Alexandre Mackenzie com a Marginal Pinheiros, em frente ao posto de gasolina.;2020-01-01;NA;SÃO PAULO;3361;6;3550308;São Paulo
KUJA04350;Córrego das Corujas;Ponte na Av. das Corujas X Rua Juranda.;2020-01-01;NA;SÃO PAULO;3365;6;3550308;São Paulo
POLI04900;Córrego Poli;Ponte na Av. Nações Unidas, esquina com a Rua Moacir Padilha.;2020-01-01;NA;SÃO PAULO;3366;6;3550308;São Paulo
TRAI04800;Córrego da Traição;Na caixa de inspeção do Córrego da Traição, na Av. dos Bandeirantes com Praça Dr. Francisco Patti.;2020-01-01;NA;SÃO PAULO;3369;6;3550308;São Paulo
PEDR04800;Córrego Pedreiras;Ponte na Av. Ns. Sra. do Sabará, próx. número 5600, ao lado do ponto de onibus.;2020-01-01;NA;SÃO PAULO;3370;6;3550308;São Paulo
PBAX04600;Córrego da Ponte Baixa;Ponte na Rua Guilherme Valente junto ao medidor de nível do SAISP (AT84 -PMSPMB-02).;2020-01-01;NA;SÃO PAULO;3373;6;3550308;São Paulo
CAYA04950;Dreno Cayaguava;Na estrada da EMAE,  cerca de 400 depois da Estação Automática da CETESB PINH 04105.;2020-01-01;NA;SÃO PAULO;3374;6;3550308;São Paulo
BOSC04500;Córrego Dom Bosco;Ponte na Rua Jose Abrantes, no Jardim Dom Bosco.;2020-01-01;NA;SÃO PAULO;3387;6;3550308;São Paulo
JAME04800;Córrego da Av. Jaime de Oliveira;Ponte na esquina da Marginal Pinheiros com a Av. Jaime de Oliveira.;2020-01-01;NA;SÃO PAULO;3388;6;3550308;São Paulo
PARC04900;Córrego do Pau Arcado/ Morumbi;Ponte na Rua Itapaiúna, Vila Andrade, ao lado da reciclagem.;2020-01-01;NA;SÃO PAULO;3389;6;3550308;São Paulo
OLAR04800;Córrego Olaria;Ponte ao lado da 1ª CIA da PM, na Rua Miguel Yunes,  Jurubatuba.;2020-01-01;NA;SÃO PAULO;3391;6;3550308;São Paulo
CORD04950;Córrego Parque do Cordeiro;No Dreno de acesso da SABESP ao Córrego do Cordeiro, junto à ciclovia da Av. Chuchi ZAIDAN, em sua foz junto ao dreno do Brooklyn.;2019-07-01;NA;SÃO PAULO;3336;6;3550308;São Paulo
JUDA02300;Córrego Judas;No Parque Severo Gomes, na área fechada ao público.;2020-01-01;NA;SÃO PAULO;3393;6;3550308;São Paulo
APRE04500;Córrego Água Preta;Ponte na Av. Parada Pinto, altura do num. 1114, Vila Dionísia, Zona Norte.;2020-01-01;NA;SÃO PAULO;3398;6;3550308;São Paulo
APRE04800;Córrego Água Preta;Ponte na  Rua Nicolau Tolentino de Almeida próximo da esquina com a rua Oliveira Martins, Vila Dionísia, Zona Norte.;2020-01-01;NA;SÃO PAULO;3399;6;3550308;São Paulo
BQGU03200;Rio Baquirivu-Guaçu;Ponte da Rua Tamatsu Iwasse, na altura do número 500, no município de Guarulhos.;2001-01-01;2010-12-31;ARUJÁ;114;6;3503901;Arujá
BQGU03150;Rio Baquirivu-Guaçu;Ponte na Estrada dos Vados, próxima ao Nippon Country Club, na divisa municipal Arujá/Guarulhos.;1983-01-01;2000-12-31;ARUJÁ;2133;6;3503901;Arujá
SJBA04950;Cor. São João do Barueri;Na alça de retorno da Av. Boulevard Arnaldo Bittencout sobre o Córrego São João do Barueri;2012-01-01;NA;BARUERI;2199;6;3505708;Barueri
BMIR02800;Rio Biritiba-Mirim;Ponte na rodovia SP-88, na divisa de município  Biritiba Mirim/ Mogi das Cruzes, a 600 m da captação da SABESP.;1977-01-01;NA;BIRITIBA MIRIM;107;6;3506607;Biritiba-Mirim
TIET02050;Rio Tietê;Ponte na SP-088 que liga Mogi das Cruzes a Salesópolis, junto à régua do SAISP, à 800 m da captação da SABESP;1977-01-01;NA;BIRITIBA MIRIM;110;6;3506607;Biritiba-Mirim
ACLA00500;Reservatório Águas Claras;No Pier do Reservatório Aguas Claras- SABESP,  na Serra da Cantareira.Estrada Sta Inês s/n, junto a EF-09 CETESB;2000-07-01;NA;CAIEIRAS;2381;6;3509007;Caieiras
JQRI03800;Rio Juqueri;Ponte dentro da Empresa Natura, ao lado da Rod. Anhanguera, Km 31;1974-01-01;NA;CAJAMAR;123;6;3509205;Cajamar
CRIS03400;Ribeirão dos Cristais;Na captação da ETA de Cajamar.;1998-10-28;NA;CAJAMAR;318;6;3509205;Cajamar
COTI03900;Rio Cotia;No canal de captação de águas para a  ETA do Baixo Cotia.;1982-01-01;NA;CARAPICUIBA;130;6;3510609;Carapicuíba
MOVE03500;Ribeirão Moinho Velho;Ponte do Km 26 da Raposo Tavares, antes da Industria Firmenich.;2002-01-31;NA;COTIA;554;6;3513009;Cotia
PEDA03900;Ribeirão das Pedras;A jusante da ponte da Rodovia Fernando Nobre.;2002-01-31;NA;COTIA;555;6;3513009;Cotia
COGR00900;Reservatório das Graças;Na barragem, junto à captação do Alto Cotia;1977-11-01;NA;COTIA;100;6;3513009;Cotia
COTI03800;Rio Cotia;Ponte na Rodovia Raposo Tavares, Km 28.5 no município de Cotia.;1978-11-01;NA;COTIA;129;6;3513009;Cotia
MOVE03400;Ribeirão Moinho Velho;Ponte na Estrada Velha de Cotia, altura do núm. 151;NA;NA;COTIA;3324;6;3513009;Cotia
EMGU00700;Rio Embu-Guaçu;A jusante da confluência do Rio Cipó.;2006-03-01;2008-12-31;EMBU-GUAÇU;1246;6;3515103;Embu-Guaçu
EMGU00800;Rio Embu-Guaçu;Ponte na estrada que liga Embu-Guaçu à Fazenda da Ilha.;1977-11-01;NA;EMBU-GUAÇU;133;6;3515103;Embu-Guaçu
IAIM02400;Córrego Itaim;Na divisa de Ferraz de Vasconcelos / Poá. À montante do piscinão.;NA;NA;FERRAZ DE VASCONCELOS;2312;6;3515707;Ferraz De Vasconcelos
GUAO02600;Rio Guaió;Ponte na Rua Manoel Sebastião na divisa de Suzano /Ferraz de Vasconcelos.;2016-01-01;NA;FERRAZ DE VASCONCELOS;2317;6;3515707;Ferraz De Vasconcelos
JQRI03300;Rio Juqueri;Ponte na entrada da portaria 2 do Parque Estadual do Juquery.;2013-01-01;NA;FRANCO DA ROCHA;2211;6;3516408;Franco Da Rocha
BQGU03850;Rio Baquirivu-Guaçu;PONTE NA RUA JOSE MARQUES PRATA, A JUSANTE DA PENITENCIÁRIA DE GUARULHOS;2011-01-01;NA;GUARULHOS;2135;6;3518800;Guarulhos
RCAB00900;Reservatório do Cabuçu;Junto à barragem da captação do município de Guarulhos (SAEE).;1977-01-01;1978-12-12;GUARULHOS;299;6;3518800;Guarulhos
TGDE00900;Reservatório de Tanque Grande;Junto à barragem, no município de Guarulhos.;1977-01-01;NA;GUARULHOS;121;6;3518800;Guarulhos
TIET04150;Rio Tietê;Ponte na Rod. Ayrton Senna, a montante do Parque Ecológico, antes da saída 19 - Aeroporto Guarulhos.;1976-01-01;NA;GUARULHOS;116;6;3518800;Guarulhos
SJBA04500;Cor. São João do Barueri;Rua Arraia, a montante do Lofrio, esquina com a rua Lagosta, altura da est.Santa Rita;NA;NA;ITAPEVI;2252;6;3522505;Itapevi
JGUA03950;Ribeirão Jaguari - UGRHI 06;Na ponte da Estrada Gov.Mario Covas, Bairro Mandi, em Itaquaquecetuba.;2012-01-01;NA;ITAQUAQUECETUBA;2203;6;3523107;Itaquaquecetuba
PEOV03900;Ribeirão Perová;Na passarela da Rua Nossa Sra. de Lourdes, Bairro Jardim Japão.;2012-01-01;NA;ITAQUAQUECETUBA;2204;6;3523107;Itaquaquecetuba
TIET03130;Rio Tietê;Ponte na Estrada de Santa Isabel, na entrada de Itaquaquecetuba.;2012-01-01;NA;ITAQUAQUECETUBA;2191;6;3523107;Itaquaquecetuba
SJBA04750;Cor. São João do Barueri;Ponte em frente à Estação de Trem Jandira, na Av. Antonio Baerdella;NA;NA;JANDIRA;2251;6;3525003;Jandira
JQJU00900;Reservatório do Juqueri ou Paiva Castro;Ponte Santa Inês, na rodovia que liga Mairiporã à Franco da Rocha;1977-01-01;NA;MAIRIPORA;119;6;3528502;Mairiporã
SERR04500;Córrego da Serraria;No meio do Cór. Da Serraria,antes do afluente da Vila Carlina;2013-10-01;NA;MAUA;2336;6;3529401;Mauá
SERR04800;Córrego da Serraria;Ponte próximo da Recicladora de PET;2013-10-01;NA;MAUA;2337;6;3529401;Mauá
SERR04950;Córrego da Serraria;Próximo a foz no Rio Tabuão;2013-10-01;NA;MAUA;2338;6;3529401;Mauá
ASER04900;Afluente do Córrego Serraria;Córrego afluente do Córrego Serraria;2013-10-01;NA;MAUA;2340;6;3529401;Mauá
ASER04500;Afluente do Córrego Serraria;Córrego afluente do Córrego Serraria, dentro do condominio ACIBAM;2013-10-01;NA;MAUA;2341;6;3529401;Mauá
TAMT04250;Rio Tamanduateí;Na ponte da Av. do Estado, na divisa de Santo André com Mauá.;2013-04-02;NA;MAUA;2263;6;3529401;Mauá
TABU04900;Córrego Tabuão;Ponte na Av. Francisco Ortega Escobar.;NA;NA;MAUA;2278;6;3529401;Mauá
TABU04150;Córrego Tabuão;Ponte no cruzamento da Av. Kenzo Sasaki com a Av. do Manacá.;NA;NA;MAUA;2281;6;3529401;Mauá
TAMT04050;Rio Tamanduateí;Na Rua Armando Benedetti, logo após deixar o Parque da Gruta Santa Luzia.;NA;NA;MAUA;2283;6;3529401;Mauá
JNDI00100;Reservatório do Rio Jundiaí - UGRHI 06;Ponte na rod. SP-69 no trecho que liga Mogi das Cruzes - Taiaçupeba, km 68, 500m da barragem;1977-01-01;1999-12-31;MOGI DAS CRUZES;115;6;3530607;Mogi Das Cruzes
TIET02090;Rio Tietê;Na captação principal do município de Mogi das Cruzes - SEMAE - junto a estação EF-01;1999-11-01;NA;MOGI DAS CRUZES;331;6;3530607;Mogi Das Cruzes
JNDI00500;Reservatório do Rio Jundiaí - UGRHI 06;No canal de interligação do Res. do Rio Jundiaí com o reservatório Taiaçupeba.;2000-01-01;NA;MOGI DAS CRUZES;332;6;3530607;Mogi Das Cruzes
JUNI03950;Rio Jundiaí - UGHRI 06;Rio Jundiai, na estrada Velha Rio- SP, atual Av. Lourenço de Souza Franco, a montante da linha Férrea.;2014-12-01;NA;MOGI DAS CRUZES;2349;6;3530607;Mogi Das Cruzes
IPIG03950;Ribeirão Ipiranga;Na foz do Rio Ipiranga, na ponte da Rua Casajeros, ao lado da SEMAE.;2014-12-01;NA;MOGI DAS CRUZES;2351;6;3530607;Mogi Das Cruzes
TIPI04900;Reservatório de Pirapora;Próximo às comportas da barragem do Reservatório de Pirapora;1974-10-01;NA;PIRAPORA DO BOM JESUS;125;6;3539103;Pirapora Do Bom Jesus
IAIM02900;Córrego Itaim;Na sua foz, no trevo de Interligação da SP-066 / SP - 056 / SP - 070.;NA;NA;POA;2311;6;3539806;Poá
RGDE02030;Reservatório do Rio Grande;1 Km depois da desembocadura do Rio Grande ou Jurubatuba, próximo a transposição da SABESP.;2015-01-01;NA;RIBEIRAO PIRES;2491;6;3543303;Ribeirão Pires
PIRE02900;Ribeirão Pires;Ponte da Eletropaulo, na Av. Rotary, no bairro Estância Noblesse, quase às margens Reservatório do Rio Grande.;2003-01-01;NA;RIBEIRAO PIRES;673;6;3543303;Ribeirão Pires
RGDE02200;Reservatório do Rio Grande;No Clube Prainha Tahiti Camping Náutica, na altura do Km 42 da rodovia SP-31.;1983-01-01;NA;RIBEIRAO PIRES;141;6;3543303;Ribeirão Pires
GADE02900;Rio Grande ou Jurubatuba;Ponte na Av. Santo André (SP-122), na entrada do município de Rio Grande da Serra.;1979-01-01;NA;RIO GRANDE DA SERRA;262;6;3544103;Rio Grande Da Serra
GADE02800;Rio Grande ou Jurubatuba;Na Travessia de pedestres no Bairro Cortes, em Rio Grande da Serra.;2020-01-01;NA;RIO GRANDE DA SERRA;3420;6;3544103;Rio Grande Da Serra
TIES04900;Reservatório Edgard de Souza;Próximo às comportas da barragem do reservatório, após a rede para retenção de aguapés.;1976-01-01;NA;SANTANA DO PARNAIBA;124;6;3547304;Santana De Parnaíba
CORU04950;Ribeirão dos Couros;Ponte na Rua Tocantínia/Rudge Ramos, na divisa de S. B. Campo/São Paulo;2012-01-01;NA;SÃO BERNARDO DO CAMPO;2201;6;3548708;São Bernardo Do Campo
BIRP00500;Braço do Rio Pequeno;No Braço do Rio Pequeno, a aproximadamente 2 km à montante da Rodovia Caminhos do Mar.;2015-04-14;NA;SÃO BERNARDO DO CAMPO;2493;6;3548708;São Bernardo Do Campo
RGDE02900;Reservatório do Rio Grande;Próximo à rodovia Anchieta, junto à captação da SABESP;1974-10-01;NA;SÃO BERNARDO DO CAMPO;138;6;3548708;São Bernardo Do Campo
BILL02500;Reservatório Billings;No meio do corpo central, sob a ponte da rodovia dos Imigrantes.;1976-01-01;NA;SÃO BERNARDO DO CAMPO;139;6;3548708;São Bernardo Do Campo
BILL02900;Reservatório Billings;Próximo à barragem reguladora Biliings-Pedras (Summit Control).;1976-01-01;NA;SÃO BERNARDO DO CAMPO;140;6;3548708;São Bernardo Do Campo
TAMT04500;Rio Tamanduateí;Ponte na Avenida do Estado X Rua do Ouro, na divisa ente São Caetano do Sul e Santo André, em frente à Akzo Nobel.;1977-01-01;NA;SÃO CAETANO DO SUL;142;6;3548807;São Caetano Do Sul
SJBA04225;Cor. São João do Barueri;Na ponte da entrada da Chácara Mariana, na divisa de São Roque com Itapevi;NA;NA;SAO ROQUE;2253;6;3550605;São Roque
TIET03120;Rio Tietê;A jusante da ETE de Suzano.;2001-01-01;NA;SUZANO;352;6;3552502;Suzano
PEBA00900;Reservatório Taiaçupeba;Na captação da SABESP;2001-01-01;NA;SUZANO;353;6;3552502;Suzano
PEBA00100;Reservatório Taiaçupeba;No início do braço do Taiaçupeba-Mirim.;2001-01-01;2009-06-01;SUZANO;354;6;3552502;Suzano
TAIA02800;Rio Taiaçupeba-Açu;A jusante do vertedouro do Reservatório de Taiaçupeba e montante da Indústria de papel e celulóse Suzano.;1977-11-01;2013-11-03;SUZANO;117;6;3552502;Suzano
TAIM00800;Rio Taiaçupeba-Mirim;Ponte na estrada de terra, no final da Trav. Crispim Adelino Cardoso, ao lado da EEE da SABESP.;2009-01-01;NA;SUZANO;1791;6;3552502;Suzano
UNVA03900;Ribeirão Una ou Varginha (UGHRI 6);Na sua foz, na Av. Jorge Bei Maluf.;NA;NA;SUZANO;2309;6;3552502;Suzano
GUAO02900;Rio Guaió;Ponte na Rod. 066 (Rod. Henrique Eroles), na sua foz em Suzano.;2015-01-01;NA;SUZANO;2310;6;3552502;Suzano
TAIA02900;Rio Taiaçupeba-Açu;Ponte na divisa de Suzano/ Mogi das Cruzes, a jusante da Companhia Suzano de papel e celulose.;2014-02-01;NA;SUZANO;2348;6;3552502;Suzano
CAMO00900;Reservatório Capivari-Monos;Junto à Estação de Recalque da SABESP.;1977-11-01;NA;SÃO PAULO;137;7;3550308;São Paulo
MOJI02840;Rio Moji;PRÓXIMO A USIMINAS;2010-07-01;NA;CUBATAO;2102;7;3513504;Cubatão
PERE02900;Rio Perequê;No Rio Perequê. Junto a captação da Carbocloro.;2004-04-01;NA;CUBATAO;747;7;3513504;Cubatão
CUBA02700;Rio Cubatão;Na ponte Preta, em frente à antiga Estação de Tratamento de Água do Rio Cubatão.;1977-01-01;NA;CUBATAO;206;7;3513504;Cubatão
CUBA03900;Rio Cubatão;Ponte da estrada de ferro Santos-Jundiaí, cerca de 1,5 Km a jusante da confluência com o Perequê.;1977-01-01;NA;CUBATAO;207;7;3513504;Cubatão
CFUG02900;Canal de Fuga II da UHE Henry Borden;Canal de fuga II da Usina Hidroelétrica Henry Borden, na saída da turbina da Usina Externa.;1977-01-01;NA;CUBATAO;208;7;3513504;Cubatão
MOJI02800;Rio Moji;Ponte na Rodovia Piaçaguera-Guarujá, que liga Cubatão a Guarujá.;1977-01-01;NA;CUBATAO;209;7;3513504;Cubatão
PIAC02700;Rio Piaçaguera;Ponte localizada na COSIPA, continuação da antiga Rua 3, Vila Parisi, 300m jusante Adubos Trevo.;1982-08-01;NA;CUBATAO;210;7;3513504;Cubatão
MARO22800;Rio Santo Amaro;Ponte na Av. Santos Dumont, depois do Posto de Saúde Municipal.;2013-01-01;NA;GUARUJA;2230;7;3518701;Guarujá
NAEM02900;Rio Itanhaém;Rua Demerval Pereira Leite, na altura do nº 214, na margem oposta ao Iate Clube.;2001-01-01;NA;ITANHAEM;574;7;3522109;Itanhaém
BACO02950;Rio Branco (Itanhaém);PONTE PRÓXIMA DA CAPTAÇÃO DO MAMBÚ-SABESP;2009-01-01;NA;ITANHAEM;1781;7;3522109;Itanhaém
NAEM02850;Rio Itanhaém;No Pier da sede do DAEE de Itanhaém , junto  ao posto DAEE 3F-006.;2001-01-01;NA;ITANHAEM;2664;7;3522109;Itanhaém
PETO02900;Rio Preto - UGRHI 07;Na ponte do caminho do Guaraú.;2001-01-01;NA;PERUIBE;575;7;3537602;Peruíbe
SABO22500;Rio Saboó;Ponte na Av. Pres. Getúlio Vargas, ao lado Centro de Treinamento Meninos da Vila.;2016-01-01;NA;SANTOS;2535;7;3548500;Santos
ANCO02900;Rio Branco;Na ponte da Rodovia Pedro Taques, antes do pedágio;2001-01-01;NA;SÃO VICENTE;572;7;3551009;São Vicente
REIS02900;Rio Canal Barreiros;Na ponte pênsil.;2001-01-01;NA;SÃO VICENTE;573;7;3551009;São Vicente
CATA23850;Rio Catarina Moraes;Pontilhão na Av. Penedo, 300.Em frente do final da  Rua Rio Lago.;2015-10-01;NA;SÃO VICENTE;2530;7;3551009;São Vicente
IPAU02900;Rio Itapanhaú;Margem esquerda, no ancoradouro da Marina do Forte.;2001-01-01;NA;BERTIOGA;569;7;3506359;Bertioga
IPAU02800;Rio Itapanhaú;No pier da balsa para Usina Itatinga.;2001-01-01;2003-12-31;BERTIOGA;570;7;3506359;Bertioga
ITAE02900;Rio Itaguaré;Na ponte da Rodovia Rio / Santos.;2001-01-01;NA;BERTIOGA;571;7;3506359;Bertioga
IPAU02600;Rio Itapanhaú;Na captação da SABESP de Bertioga - Estação de Tratamento de Água Itapanhaú e captação da Riviera de São Lourenço.;2016-06-01;NA;BERTIOGA;2617;7;3506359;Bertioga
TUBA02900;Rio Guaratuba;Ponte na Rio Santos, no fim da praia do Guaratuba;2001-01-01;NA;BERTIOGA;833;7;3506359;Bertioga
SAPU02050;Rio Sapucaí -UGHRI 8;Ponte da Rod. do Guardinha, cerca de 5 km antes da divisa  de MG.;2006-01-01;NA;ALTINÓPOLIS;1346;8;3501004;Altinópolis
SAPU02150;Rio Sapucaí -UGHRI 8;PONTE NA ESTRADA DA USINA BATATAIS;2007-01-01;NA;BATATAIS;1419;8;3505906;Batatais
BAGR04950;Ribeirão dos Bagres;Ponte na Fazenda Boa Sorte, a 2 km da foz, em Batatais.;2006-10-01;NA;BATATAIS;1345;8;3505906;Batatais
SAPU02200;Rio Sapucaí -UGHRI 8;Ponte na Rod.336 (antiga rod. Franca/Batatais), a jusante do Rib.Sta.Bárbara.;2006-01-01;NA;BATATAIS;1347;8;3505906;Batatais
BAGR04020;Ribeirão dos Bagres;Ponte sob a Av. Hélio Palermo, a 500 metros da nascente.;2006-01-01;NA;FRANCA;1344;8;3516200;Franca
BAGR04500;Ribeirão dos Bagres;Ponte no final da Rua Rio Trombetas com a  Av. das Seringueiras, próximo ao Residencial Amazonas.;1979-01-01;NA;FRANCA;228;8;3516200;Franca
KNOA02500;Rio Canoas;Na captação da SABESP de Franca no Rio Canoas, na divisa de SP/MG.;2018-01-01;NA;FRANCA;2651;8;3516200;Franca
SAPU02900;Rio Sapucaí -UGHRI 8;Ponte na estrada vicinal que liga Guaira ao Rio Grande, alt. do km 13 + 200m, junto a régua do DAEE (5B -007).;2012-01-01;NA;GUAIRA;2207;8;3517406;Guaíra
JARD04800;Ribeirão do Jardim;Ponte na área rural a jusante do lançamento das ETEs Matadouro, Fogão e Santa Quitéria.;2016-01-01;NA;GUAIRA;2560;8;3517406;Guaíra
SAPU02800;Rio Sapucaí -UGHRI 8;Ponte na rodovia SP 425, que liga Guaíra a Miguelópolis.;2000-10-04;2011-12-31;GUAIRA;359;8;3517406;Guaíra
CARM04400;Rio do Carmo;NA PONTE DA ROV. ANHANGUERA (SP-330) ALT. DO KM 416;2009-04-01;NA;ITUVERAVA;1790;8;3524105;Ituverava
GRDE02300;Rio Grande - UGRHI 08, 12 e 15;Ponte na rod. SP-413, no trecho que liga Miguelópolis/Guaira a Uberaba, jusante Usina Volta Grande.;2001-01-01;NA;MIGUELOPOLIS;362;8;3529708;Miguelópolis
SAPZ04500;Rio Sapucaizinho;Ponte na  Rod. SP 345, km 3, na entrada da cidade, a jusante do Lacticínio Jussara. Junto a régua do DAEE 4B-015.;2015-01-01;NA;PATROCINIO PAULISTA;2342;8;3536307;Patrocínio Paulista
BAGR04600;Ribeirão dos Bagres;Ponte na rodovia de acesso à SP-334, no município de Restinga.;2001-06-12;NA;RESTINGA;374;8;3542701;Restinga
SAPU02250;Rio Sapucaí -UGHRI 8;Ponte da Rod. SP-334, a montante do Rib. dos Bagres, em Restinga;2006-01-01;NA;RESTINGA;1349;8;3542701;Restinga
PNHO04500;Ribeirão Pinheirinho - UGHRI 8;Ponte na Av. 9 de Jullho, junto a régua do DAEE 4C-002, em Santo Antonio da Alegria.;2016-01-01;NA;SANTO ANTONIO DA ALEGRIA;2506;8;3547908;Santo Antônio Da Alegria
SAPU02400;Rio Sapucaí -UGHRI 8;Ponte na rodovia SP-345, no trecho que liga Barretos a Franca.;1974-10-01;2000-12-31;SÃO JOAQUIM DA BARRA;229;8;3549409;São Joaquim Da Barra
SAPU02300;Rio Sapucaí -UGHRI 8;Ponte na rodovia que liga Nuporanga a São José da Bela Vista, próxima da PCH dos Dourados.;2000-10-04;NA;SÃO JOSÉ DA BELA VISTA;358;8;3549508;São José Da Bela Vista
SAPU02270;Rio Sapucaí -UGHRI 8;Ponte na estrada da Usina Batatais, 600 metros a jusante do Rib. dos Bagres;2006-01-01;NA;SÃO JOSÉ DA BELA VISTA;1350;8;3549508;São José Da Bela Vista
JAMI02500;Rio Jaguari-Mirim;Ponte na Rodovia SP-340, no Km 212,9,  junto a régua do DAEE 4C-013.;2005-03-01;NA;AGUAÍ;713;9;3500303;Aguaí
ARAS02900;Rio das Araras;Ponte de madeira sobre Rio Araras na Foz -ETE.;2002-01-01;NA;ARARAS;707;9;3503307;Araras
ARAS03400;Rio das Araras;Montante do lançamento da ETE - Ponte do Bairro Loreto.;2003-01-01;2010-06-03;ARARAS;708;9;3503307;Araras
MOGU02800;Rio Mogi-Guaçu;PONTE NA SP 333, NA ENTRADA DE BARRINHA;2010-01-01;NA;BARRINHA;1953;9;3505609;Barrinha
ERAZ02990;Ribeirão Ferraz;Foz do Ribeirão Ferraz próximo ao Pesqueiro na cidade de Conchal.;2002-01-01;NA;CONCHAL;704;9;3512209;Conchal
ERAZ02700;Ribeirão Ferraz;Ponte sobre na SP 191, km 23,5;2002-01-01;NA;CONCHAL;705;9;3512209;Conchal
RONC02800;Ribeirão das Onças (UGRHI 9);PONTE NA ESTRADA DE TERRA QUE LIGA A USINA SÃO MARTINHO A SERTÃZINHO;2010-01-01;NA;DUMONT;1959;9;3514601;Dumont
PEXE02950;Rio do Peixe-UGRHI 9;Ponte na Foz do Rio do Peixe, na Estr. de Piraporinha x Estrada Luiz Cavinague.;2013-01-01;NA;ITAPIRA;2248;9;3522604;Itapira
ENHA02900;Ribeirão da Penha;Ponte na estrada IPI-080, à jusante da ETE de Itapira.;2014-01-01;NA;ITAPIRA;2242;9;3522604;Itapira
RICO02600;Córrego  Rico- UGHRI 9;NA CAPTAÇÃO DE JABOTICABAL (SAAEJ);2010-01-01;NA;JABOTICABAL;1955;9;3524303;Jaboticabal
RICO03900;Córrego  Rico- UGHRI 9;PONTE NA ESTRADA DE TERRA BARRINHA/USINA SÃO CARLOS.;2010-01-01;NA;JABOTICABAL;1956;9;3524303;Jaboticabal
MOGU02250;Rio Mogi-Guaçu;Rio Mogi Guaçú, a montante do Ribeirão do Meio - Bairro Taquari Ponte. Junto a régua  do DAEE 4D-029.;2002-01-01;NA;LEME;694;9;3526704;Leme
MOGU02240;Rio Mogi-Guaçu;A jusante da Usina Cresciumal, em frente a placa do IBAMA que protege a mata ciliar.;2002-01-01;2008-12-31;LEME;682;9;3526704;Leme
MEIO02900;Ribeirão do Meio;Ponte F. Baldim, sobre o Ribeirão do Meio, ao lado da Fazenda, junto a régua do DAEE 4D-030.;2002-01-01;NA;LEME;683;9;3526704;Leme
TINO03600;Córrego Constantino;Ponte sobre o Córrego Constantino , na Rodovia Anhanguera, em Leme.;2005-10-01;2010-06-03;LEME;684;9;3526704;Leme
RONC02030;Ribeirão das Onças (UGRHI 9);PONTE PRÓXIMA A FAZ. CANNÃA, A MONTANTE DA ETE DE LUIS ANTONIO.;2010-01-01;NA;LUIS ANTONIO;1957;9;3527603;Luís Antônio
RONC02400;Ribeirão das Onças (UGRHI 9);NA PONTE DA SP 255, PRÓXIMO DO KM 24, ANTES DE BONFIM PAULISTA;2010-01-01;NA;LUIS ANTONIO;1958;9;3527603;Luís Antônio
MOGU02200;Rio Mogi-Guaçu;Ponte na rodovia que liga Leme a Conchal, em Pádua Sales.;1976-01-01;NA;MOGI-GUAÇU;230;9;3530706;Mogi Guaçu
MOGU02160;Rio Mogi-Guaçu;Ponte na Rodovia SP-340, a jusante da cidade de Mogi-Guaçú.;2002-01-01;NA;MOGI-GUAÇU;688;9;3530706;Mogi Guaçu
MOGU02175;Rio Mogi-Guaçu;Dentro da International Paper, a jusante da confluencia do Rio Mogi-Mirim. P4.;2002-01-01;2003-12-31;MOGI-GUAÇU;689;9;3530706;Mogi Guaçu
MOGU02170;Rio Mogi-Guaçu;Dentro da International Paper, a montante da confluência com o Rio Mogi-Mirim.;2002-01-01;2003-12-31;MOGI-GUAÇU;690;9;3530706;Mogi Guaçu
MOGU02180;Rio Mogi-Guaçu;Dentro da International Paper, depois da última plataforma, 200 metros a jusante do lançamento do efluente líquido.;2002-01-01;2013-12-31;MOGI-GUAÇU;691;9;3530706;Mogi Guaçu
MOCA02990;Reservatório Cachoeira de Cima;A montante da barragem da AES - Usina Elétrica de Mogi Guaçú;2002-01-01;NA;MOGI-GUAÇU;693;9;3530706;Mogi Guaçu
ORIZ02900;Rio Oriçanga;Ponte sobre a Rod. Almino Afonso, em Martinho Prado, ao lado da Fazenda Mombaça.;2002-01-01;NA;MOGI-GUAÇU;695;9;3530706;Mogi Guaçu
ORIZ02600;Rio Oriçanga;Ponte na SP 340  no Km 179,5.;2005-01-01;2010-06-03;MOGI-GUAÇU;696;9;3530706;Mogi Guaçu
IPPE02900;Córrego do Ipê;Ponte sobre o Córrego Ipê na estrada do Pica-Pau.;2002-01-01;2010-06-03;MOGI-GUAÇU;700;9;3530706;Mogi Guaçu
MOGU02210;Rio Mogi-Guaçu;À jusante da confluência com o córrego Ferraz ou do Pinhal.;2001-01-01;NA;MOGI-GUAÇU;714;9;3530706;Mogi Guaçu
MOGU02220;Rio Mogi-Guaçu;À jusante da confluência com o córrego Arari ou Araras.No município de Mogi-Guaçu.;2002-01-01;2010-06-03;MOGI-GUAÇU;715;9;3530706;Mogi Guaçu
MOMI02400;Rio Mogi Mirim;Rio Mogi Mirim na Ponte da SP 147 Km 56,8 no Bairro do Mirante.;2003-01-01;2010-06-03;MOGI-MIRIM;702;9;3530805;Moji Mirim
MOMI03800;Rio Mogi Mirim;Rio Mogi Mirim na Ponte da SP 340, no Km 166,5.;2002-01-01;NA;MOGI-MIRIM;703;9;3530805;Moji Mirim
RICO02200;Córrego  Rico- UGHRI 9;PONTE NA ESTRADA DE TERRA A MONTANTE DA ETE CORREGO DO RICO;2010-01-01;NA;MONTE ALTO;1954;9;3531308;Monte Alto
PORC03900;Ribeirão dos Porcos;Ponte na foz do Ribeirão dos Porcos com o Rio Mogi-Guaçu, no Bairro Veridiana.;2005-01-01;NA;ESPÍRITO SANTO DO PINHAL;765;9;3515186;Espírito Santo Do Pinhal
PORC03150;Ribeirão dos Porcos;Na Vila Maringá, em frente a Rua Francisco Staut, P2 do Monitoramento CREUPI;2005-01-01;2010-06-03;ESPÍRITO SANTO DO PINHAL;768;9;3515186;Espírito Santo Do Pinhal
MOGU02100;Rio Mogi-Guaçu;Ponte na rodovia de terra que liga Pinhal a Jacutinga, em Minas Gerais.;2000-10-06;NA;ESPÍRITO SANTO DO PINHAL;363;9;3515186;Espírito Santo Do Pinhal
MOGU02300;Rio Mogi-Guaçu;Junto à captação da ETA da Academia da Força Aérea, em Pirassununga.;1981-10-01;NA;PIRASSUNUNGA;231;9;3539301;Pirassununga
PEVA02900;Rio da Itupeva;Ponte de madeira na Foz do Rio Itupeva em estrada de terra. (antigo P12 ).;2002-01-01;NA;PIRASSUNUNGA;709;9;3539301;Pirassununga
OQUE02900;Ribeirão do Roque;"Ponte na vicinal Ricieri Scatolini, na foz do Rib. do Roque, junto a régua do DAEE 4D-032.

Na Vicinal Ricieri Scatolini.";2002-01-01;NA;PIRASSUNUNGA;716;9;3539301;Pirassununga
MOGU02340;Rio Mogi-Guaçu;Na Cachoeira de Emas, antes da barragem.;1979-03-01;2008-12-31;PIRASSUNUNGA;718;9;3539301;Pirassununga
TELA02900;Córrego Batistela;Na foz do Ribeirão da Batistela/Barra (P16);2002-01-01;NA;PIRASSUNUNGA;712;9;3539301;Pirassununga
TELA02700;Córrego Batistela;Na captação da SAEP, no bairro Vila Sta. Fé.Conhecido também como Corrego da Barra.(P17);2005-10-01;2010-06-03;PIRASSUNUNGA;679;9;3539301;Pirassununga
MOGU02350;Rio Mogi-Guaçu;Na Cachoeira das Emas, depois da barragem em frente ao Restaurante César.;2001-01-01;NA;PIRASSUNUNGA;681;9;3539301;Pirassununga
MOGU02260;Rio Mogi-Guaçu;A jusante da confluência do ribeirão do Meio.;2002-01-01;2016-12-31;PIRASSUNUNGA;697;9;3539301;Pirassununga
MOGU02270;Rio Mogi-Guaçu;À jusante da confluência do Ribeirão do Meio e do Rib. Itupeva.;2002-01-01;NA;PIRASSUNUNGA;2608;9;3539301;Pirassununga
MOGU02900;Rio Mogi-Guaçu;No Rancho Sto Antônio, próximo à rodovia que liga Sertãozinho a Pitangueiras, próximo a regua do DAEE 5C - 025.;1977-01-01;NA;PITANGUEIRAS;233;9;3539509;Pitangueiras
MOGU02410;Rio Mogi-Guaçu;A montante do Rib. dos Patos, antes do Parque Estadual de Porto Ferreira.;2002-01-01;2003-12-31;PORTO FERREIRA;701;9;3540705;Porto Ferreira
MOGU02450;Rio Mogi-Guaçu;À  jusante da cidade de Porto Ferreira -Ponte na Rod. Anhanguera, no Km 228.;2001-01-01;NA;PORTO FERREIRA;686;9;3540705;Porto Ferreira
QUEM02300;Ribeirão do Moquem;Em Sta. Cruz da Conceição, a montante da Represa Euclides Moreli.;2003-01-01;2010-06-03;SANTA CRUZ DA CONCEICAO;711;9;3546207;Santa Cruz Da Conceição
JAMI02900;Rio Jaguari-Mirim;Na foz do Rio Jaguari-Mirim.;2002-03-01;2005-03-01;SANTA CRUZ DAS PALMEIRAS;717;9;3546306;Santa Cruz Das Palmeiras
MOGU02490;Rio Mogi-Guaçu;Na Usina Santa Rita, na divisa de Santa Rita de Passa Quatro com Descalvado.;2001-01-01;NA;SANTA RITA DO PASSA QUATRO;687;9;3547502;Santa Rita Do Passa Quatro
JAMI02001;Rio Jaguari-Mirim;Na Ponte do Beloto, na estrada vicinal em Santo Antônio do Jardim, no km 217 da Rod. Engenheiro Borges (SP-346).;2016-01-01;NA;SANTO ANTONIO DO JARDIM;2515;9;3548104;Santo Antônio Do Jardim
JAMI02100;Rio Jaguari-Mirim;Ponte na estrada São João/Sto Ant do Jardim, altura da Fazenda Paraíso.;2005-01-01;2010-06-03;SANTO ANTONIO DO JARDIM;767;9;3548104;Santo Antônio Do Jardim
MOGU02500;Rio Mogi-Guaçu;Balsa da estrada que liga Santa Eudóxia a Luis Antonio, em Porto Pulador.;1979-03-01;2000-12-31;SÃO CARLOS;232;9;3548906;São Carlos
JAMI02300;Rio Jaguari-Mirim;Na ponte da SP 344, depois do Bairro do Pedregulho, na altura do Km 238,5;2005-01-01;2010-06-03;SAO JOAO DA BOA VISTA;764;9;3549102;São João Da Boa Vista
SETA04600;Ribeirão do Sertãozinho;PONTE A JUSANTE DA ETE DE SERTAZINHO;2011-01-01;NA;SERTAOZINHO;2142;9;3551702;Sertãozinho
PEXE02050;Rio do Peixe-UGRHI 9;Ponte no bairro do Rio do Peixe, na estrada para Munhoz;2009-07-01;2010-06-30;SOCORRO;1027;9;3552106;Socorro
PEXE02100;Rio do Peixe-UGRHI 9;Ponte na Rodovia SP-08, que liga Socorro a Lindóia, à jusante da captação da SABESP.;2005-07-01;NA;SOCORRO;1031;9;3552106;Socorro
PEXE02150;Rio do Peixe-UGRHI 9;Ponte à jusante do Hotel Cachoeira, em Socorro.;2005-07-01;NA;SOCORRO;1032;9;3552106;Socorro
DREZ02600;Córrego do  Xadrez;A montante da cidade de Engenheiro Coelho. Na ponte Pesqueiro;2002-01-01;2010-06-03;ENGENHEIRO COELHO;706;9;3515152;Engenheiro Coelho
GUAI02400;Córrego da Guaiaquica;Na estrada para Engenheiro Coelho, I km antes da cidade.;2005-01-01;2010-06-03;ENGENHEIRO COELHO;758;9;3515152;Engenheiro Coelho
TIBT02100;Braço do Rio Tiete;Ponte na rodovia SP-147, que liga Anhembi a Piracicaba;1993-01-04;2000-12-31;ANHEMBI;333;10;3502309;Anhembi
TIBB02900;Reservatório de Barra Bonita;No meio do corpo central, a 300m a montante da barragem.;1995-02-08;2000-12-31;BARRA BONITA;181;10;3505302;Barra Bonita
SORO02300;Rio Sorocaba;Ponte na Estrada Mun. Sorocaba/Boituva ao lado da captação do condomínio Faz. Boa Vista, na divisa de Boituva/Iperó.;2019-01-01;NA;BOITUVA;3312;10;3507001;Boituva
TIBB02100;Reservatório de Barra Bonita;No meio do corpo central, a jusante da confluência - Braços Tietê e Piracicaba.;1999-01-01;NA;BOTUCATU;334;10;3507506;Botucatu
TIBT02500;Braço do Rio Tiete;Ponte na rodovia SP-191 que liga Santa Maria da Serra a São Manoel.;1995-01-01;NA;BOTUCATU;166;10;3507506;Botucatu
LAVP03055;Ribeirão Lavapés - UGHRI 10;A jusante da confluência com o Córrego Tijuco Preto.;2017-01-01;NA;BOTUCATU;2566;10;3507506;Botucatu
SORO02700;Rio Sorocaba;Na ponte à montante da captação do Município de Cerquilho.;2000-01-01;NA;CERQUILHO;327;10;3511508;Cerquilho
EIXE02225;Rio do Peixe-UGRHI 10;Ponte na SP-300 (Marechal Rondon), na divisa de Bofete com Conchas;2010-01-01;NA;CONCHAS;1961;10;3512308;Conchas
COCH02850;Rio das Conchas;PONTE NA ESTRADA VICINAL DEPOIS DO BAIRRO ESTANCIA CRISTAL,EM CONCHAS;2010-01-01;NA;CONCHAS;1963;10;3512308;Conchas
SOIT02100;Reservatório Itupararanga;No meio do corpo central, lado esquerdo da Praia do Escritório, em frente a uma ilha.;1998-11-30;NA;IBIUNA;325;10;3519709;Ibiúna
SOBU02800;Rio Sorocabuçu;Ponte na estrada Bunjiro Nakao, na captação de Ibiúna;2005-01-01;NA;IBIUNA;788;10;3519709;Ibiúna
BUNA02900;Rio Una - UGHRI 10;Ponte na estrada que liga Ibiúna a Mayrink, próximo á Rodoviária de Ibiúna;2005-01-01;NA;IBIUNA;789;10;3519709;Ibiúna
SAUI02900;Rio Sarapuí;Ponte na estrada vicinal Iperó/Tatuí, próxima à captação da SABESP de Boituva e Iperó.;2005-01-01;NA;IPERO;782;10;3521002;Iperó
PGUI02700;Ribeirão Pirapitingui;Ao lado da  captação Aguas de Itu, junto a  barragem do condomínio Terras de São José.;2015-01-01;NA;ITU;2475;10;3523909;Itu
TIET02300;Rio Tietê;Jusante da Barragem da Usina Hidrelétrica São Pedro, em Itu;1993-04-01;2000-12-31;ITU;150;10;3523909;Itu
JIBU02750;Rio Pirajibú;Ponte na SP -075 na divisa de ITU/ Sorocaba.;2018-01-01;NA;ITU;2658;10;3523909;Itu
TIET02450;Rio Tietê;Ponte na estrada para a fazenda Santo Olegário, em Laranjal Paulista.;1993-01-01;NA;LARANJAL PAULISTA;152;10;3526407;Laranjal Paulista
SORO02900;Rio Sorocaba;Ponte na estrada que liga Laranjal Paulista à localidade de Entre Rios.;1974-10-01;NA;LARANJAL PAULISTA;149;10;3526407;Laranjal Paulista
BPRU02300;Braço do Ribeirão Paruru;Corpo central, cerca de 700m a jusante do Pier São Francisco.;2020-01-01;NA;PIEDADE;3350;10;3537800;Piedade
TIET02250;Rio Tietê;Ponte na Av. Maria de Oliveira Bueno, em Pirapora do Bom Jesus;1998-01-01;2000-12-31;PIRAPORA DO BOM JESUS;127;10;3539103;Pirapora Do Bom Jesus
TIRG02900;Reservatório de Rasgão;Próximo das comportas do Reservatório de Rasgão.;1998-01-01;NA;PIRAPORA DO BOM JESUS;128;10;3539103;Pirapora Do Bom Jesus
AVEC02800;Ribeirão Avecuia;Na captação de Porto Feliz;2016-03-10;NA;PORTO FELIZ;2568;10;3540606;Porto Feliz
TIET02350;Rio Tietê;Ponte na Rua Estado de S. Paulo, junto ao medidor de nível, em Salto.;1978-01-01;NA;SALTO;177;10;3545209;Salto
PORA02700;Rio Pirapora;NA PONTE PRÓXIMA A CAPTAÇÃO DE SALTO DE PIRAPORA;2010-01-01;NA;SALTO DE PIRAPORA;1962;10;3545308;Salto De Pirapora
TIBB02500;Reservatório de Barra Bonita;No meio do corpo central, próximo à Ilha do Centro.;1995-02-08;1998-12-31;SÃO MANUEL;178;10;3550100;São Manuel
TIBB02700;Reservatório de Barra Bonita;No meio do corpo central, na direção do Córrego Araquazinho.;1995-01-01;NA;SÃO MANUEL;180;10;3550100;São Manuel
POLA02500;Ribeirão da Ponte Lavrada;Captação da SABESP - São Roque, no Distrito de Canguera;2005-10-26;2010-12-31;SAO ROQUE;1173;10;3550605;São Roque
SOMI02850;Rio Sorocamirim;Ponte na estrada do Cangüera, na captação da SABESP de São Roque;2005-01-01;NA;SAO ROQUE;787;10;3550605;São Roque
JIBU02900;Rio Pirajibú;Ponte próxima da Siderurgica Faço 3, no bairro Vitória Régia/Éden;2005-01-01;NA;SOROCABA;785;10;3552205;Sorocaba
AIAU02400;Ribeirão Itaguaraguaiaú;Ponte na estrada da GM, no bairro do Éden.;2005-10-01;2010-12-31;SOROCABA;1167;10;3552205;Sorocaba
SORO02070;Rio Sorocaba;Ponte na Rod. SP 270 - Raposo Tavares, na Associação do Banco do Brasil;2005-01-01;2010-12-31;SOROCABA;790;10;3552205;Sorocaba
IPAN02500;Córrego Ipanema;Ponte do Km 12,5 da estrada que liga Sorocaba a Iperó.;1998-11-30;2004-12-31;SOROCABA;319;10;3552205;Sorocaba
SORO02100;Rio Sorocaba;Ponte Pinga-Pinga, na  Av. Marginal, na cidade de Sorocaba.;1976-01-01;NA;SOROCABA;147;10;3552205;Sorocaba
SORO02200;Rio Sorocaba;Ponte na estrada municipal que liga Sorocaba à rodovia Castelo Branco, em Itavuvu.;1979-01-01;NA;SOROCABA;148;10;3552205;Sorocaba
SORO02500;Rio Sorocaba;Ponte no Bairro de Americana Velha, em Tatuí. Junto ao Posto do DAEE 4E-004RL.;2005-01-01;NA;TATUI;783;10;3554003;Tatuí
TAUI04900;Rio Tatuí;Na foz do rio Tatuí, no bairro de Americana Velha, em Tatuí;2005-01-01;NA;TATUI;784;10;3554003;Tatuí
TIET02400;Rio Tietê;Ponte na rodovia SP-113, que liga Tietê a Capivari, em Tietê.;1977-01-01;NA;TIETE;151;10;3554508;Tietê
SOIT02900;Reservatório Itupararanga;Próximo a barragem, na estrada que liga Ibiúna a Votorantim.;1998-11-30;NA;VOTORANTIM;326;10;3557006;Votorantim
SORO02050;Rio Sorocaba;PONTE BENITO SEVILHA, PRÓXIMO À  PREFEITURA DE VOTORANTIM;2011-01-01;NA;VOTORANTIM;2141;10;3557006;Votorantim
MADE21700;Mar de Dentro;PIER DA BALSA QUE LIGA O CONTINENTE A CANANÉIA;2008-01-01;NA;CANANEIA;1411;11;3509908;Cananéia
RIIG02900;Rio Ribeira de Iguape;Na antiga barragem, em Valo Grande, no Rio Ribeira de Iguape.;2000-11-17;NA;IGUAPE;364;11;3520301;Iguape
RIIG02995;Rio Ribeira de Iguape;NO PIER DA BALSA DA BARRA DO RIBEIRA;2008-01-01;NA;IGUAPE;1414;11;3520301;Iguape
RIIG02990;Rio Ribeira de Iguape;Na passarela de pedestres para o bairro do Rossil;2001-01-01;NA;IGUAPE;838;11;3520301;Iguape
BETA02900;Rio Betari;PONTE NA ESTRADA PARA O BAIRRO DA SERRA;2008-01-01;NA;IPORANGA;1413;11;3521200;Iporanga
JAPI02100;Rio Jacupiranga;Ponte na SP 193, que liga Jacupiranga a Eldorado.;2000-11-17;NA;JACUPIRANGA;365;11;3524600;Jacupiranga
GUAU02950;Rio Guaraú;PONTE NA BR 116, NA FOZ DO RIO GUARAÚ;2011-01-01;NA;JACUPIRANGA;2138;11;3524600;Jacupiranga
JUQI02900;Rio Juquiá;Após a confluência com o Rio São Lourenço, no município de Juquiá.;2000-11-12;NA;JUQUIA;366;11;3526100;Juquiá
JUQI00800;Rio Juquiá;Ponte na rodovia BR-116, em Juquitiba.;1977-11-01;NA;JUQUITIBA;211;11;3526209;Juquitiba
PAÇU02600;Rio Pariquera-Açu;Ponte dentro da Fazenda Ouro Verde, na estrada de terra que leva ao Parque Estadual Campina do Encantado.;2014-01-01;NA;PARIQUERA-ACU;2347;11;3536208;Pariquera-Açu
RIIG02500;Rio Ribeira de Iguape;Ponte na rodovia BR-116, em Registro.;1974-10-01;NA;REGISTRO;212;11;3542602;Registro
RIBE02900;Rio Ribeira;Ponte na Rod. Empei Hiraide, ao lado da captação da SABESP de Sete Barras, junto do Posto Flu 4F-015.;2014-01-01;NA;SETE BARRAS;2320;11;3551801;Sete Barras
JAIN02800;Rio Jacupiranguinha;3,5 Km à jusante da Bunge em Cajati;2008-01-01;2010-12-31;CAJATI;1412;11;3509254;Cajati
JAIN02500;Rio Jacupiranguinha;Ponte na Avenida Luiz Lima a jusante da captação da Bungee;2011-01-01;NA;CAJATI;2131;11;3509254;Cajati
RIBE02500;Rio Ribeira;No município de Itaóca, na plataforma da balsa, a 3 Km do centro da cidade.;1982-01-01;NA;ITAOCA;324;11;3522158;Itaóca
PITA04800;Ribeirão das Pitangueiras;À jusante da Fazenda do Buracão.;2010-01-01;NA;BARRETOS;1824;12;3505500;Barretos
PDRA02450;Córrego das Pedras ou Mandi - UGRHI 12;Ponte próxima ao Country Club  Rio das Pedras, jusante do lançamento da ETE II de Barretos.;2016-01-01;NA;BARRETOS;2561;12;3505500;Barretos
PITA02450;Ribeirão das Pitangueiras;Na Captação do SAAEB, Serviço Autônomo de Água e Esgoto de Barretos, no final da rua 18.;2016-01-01;NA;BARRETOS;2562;12;3505500;Barretos
DEMB02800;Córr. Mandembo;Ponte do Córrego Mandembo na Rodovia Brigadeiro Faria Lima - SP-326 no km 390;2020-01-01;NA;BEBEDOURO;3314;12;3506102;Bebedouro
BEBE04500;Córr. Bebedouro;Ponte na Rod. SP 326, em Bebedouro.;2019-01-01;NA;BEBEDOURO;3309;12;3506102;Bebedouro
BEBE04800;Córr. Bebedouro;Ponte na SP 353 (Rod. Oswaldo Prudente Correa) que leva à Terra Roxa.;2019-01-01;NA;BEBEDOURO;3310;12;3506102;Bebedouro
GRDE02400;Rio Grande - UGRHI 08, 12 e 15;Ponte na divisa de SP-MG, na BR  364 que liga Colômbia a Frutal.;2016-01-01;NA;COLOMBIA;2536;12;3512100;Colômbia
PARD02800;Rio Pardo - UGRHIs 4 e 12;Ponte na variante da rodovia SP-425, no trecho que liga Guaíra a Barretos.;1974-10-01;NA;GUAIRA;235;12;3517406;Guaíra
PALM03800;Ribeirão das Palmeiras;PONTE SOBRE A ESTRADA MUN. JABORANDI-TERRA ROXA, NAS PROXIMIDADES DA ANTIGA USINA HIDROELETRICA;2010-01-01;NA;JABORANDI;1948;12;3524204;Jaborandi
PARD02750;Rio Pardo - UGRHIs 4 e 12;PONTE NA SP 373, que liga Jaborandí a Morro Agudo, ALTURA DO KM 126;2009-04-01;NA;JABORANDI;1792;12;3524204;Jaborandi
PARD02700;Rio Pardo - UGRHIs 4 e 12;Ponte na rodovia que liga Viradouro a Morro Agudo.;1979-03-01;2008-12-31;VIRADOURO;234;12;3556800;Viradouro
JCGU03400;Rio Jacaré-Guaçu;Ponte na rodovia SP-255, no trecho que liga Boa Esperança do Sul a Araraquara, junto a régua DAEE 5C-013;2000-11-03;NA;ARARAQUARA;367;13;3503208;Araraquara
TIET02550;Rio Tietê;Margem esquerda, a jusante do canal de fuga da casa de força da Usina Hidroelétrica de Bariri;1974-10-01;2000-12-31;BARIRI;187;13;3505203;Bariri
TIET02500;Rio Tietê;Ponte na rodovia SP-255 que liga São Manuel a Jaú, a jusante do res. de Barra Bonita.;1974-10-01;NA;BARRA BONITA;182;13;3505302;Barra Bonita
JPEP03600;Rio Jacaré-Pepira;PONTE SOBRE O RIO JACARÉ-PEPIRA, A  JUSANTE DO RIBEIRÃO DA BOCAINA;2010-01-01;NA;BOCAINA;1779;13;3506805;Bocaina
JPEP03150;Rio Jacaré-Pepira;Ponte na Rua Francisco Costa, em Brotas. Cerca de 1,5 km a jusante da régua do DAEE 5D-028.;2014-01-01;NA;BROTAS;2328;13;3507902;Brotas
JPEP03500;Rio Jacaré-Pepira;Ponte na rodovia SP-255, no trecho que liga Jaú a Boa Esperança do Sul.;1979-01-03;NA;DOURADO;185;13;3514304;Dourado
JCGU03900;Rio Jacaré-Guaçu;Ponte na rodovia SP-304,no trecho que liga Ibitinga a Itajú.;1974-10-01;NA;IBITINGA;184;13;3519600;Ibitinga
LENS03950;Rio Lençóis;PONTE NA ROD. MACATUBA/ IGARAÇU DO TIETE, A 400 METROS DA SUA FOZ;2008-11-01;NA;IGARACU DO TIETE;1721;13;3520004;Igaraçu Do Tietê
BJAU03300;Braço do rio Jaú;Braço do Rio Jaú, na ponte da Marambaia na vicinal de Itapuí.;2016-01-01;NA;ITAPUI;1780;13;3522901;Itapuí
BROA02800;Represa do Broa;No corpo central, a 1km do final do Condomínio Santo Antônio;2017-01-01;NA;ITIRAPINA;2619;13;3523602;Itirapina
KERI02900;Ribeirão Itaqueri;500 m à jusante da confluencia com o Rib. Água Branca.;2018-01-01;NA;ITIRAPINA;2642;13;3523602;Itirapina
ABAN02800;Córrego Água Branca;Ponte na Rod. Mun. Ayrton Sena, a jusante da ETE de Itirapina;2016-07-25;NA;ITIRAPINA;2584;13;3523602;Itirapina
ABAN02790;Córrego Água Branca;A montante do Córrego do Limoeiro;2016-07-25;NA;ITIRAPINA;2592;13;3523602;Itirapina
JAHU02500;Rio Jaú;Ponte na Av. Galdino do Amaral Carvalho,junto a régua do DAEE 5D-029.;2014-01-01;NA;JAU;2302;13;3525300;Jaú
LENS02500;Rio Lençóis;Na Rua Quinze de Novembro, 1111, na captação do município de Lençóis Paulistas.;2001-01-01;NA;LENÇOIS PAULISTA;563;13;3526803;Lençóis Paulista
RGRA02990;Ribeirão Grande;PONTE NA ROD. AUGUSTO  SGAVIOLI, A 3 KM DA SUA FOZ NO RIO TIETE;2008-10-01;NA;PEDERNEIRAS;1722;13;3536703;Pederneiras
JCGU03200;Rio Jacaré-Guaçu;PONTE NA ESTRADA DE TERRA DO BAIRRO MALVINAS, A JUSANTE DO CÓR. SANTA RUFINA.;2011-01-01;NA;RIBEIRAO BONITO;2121;13;3542909;Ribeirão Bonito
MONJ04400;Rio Monjolinho;PONTE A JUSANTE DA ETE MONJILINHO;2011-01-01;NA;SÃO CARLOS;2134;13;3548906;São Carlos
GREI02750;Rio Guareí;Ponte no Bairro dos Diogos, em Angatuba, a jusante do Rib. dos Libanios.;2015-01-01;NA;ANGATUBA;2483;14;3502200;Angatuba
GREI02700;Rio Guareí;Ponte na Rod. SP 268, sentido Angatuba/Bairro do Aterradinho;2006-07-31;NA;ANGATUBA;1335;14;3502200;Angatuba
ITAP02800;Rio Itapetininga;Ponte na estrada ACT-290, no Bairro da Polenghi em Angatuba.;2003-01-01;NA;ANGATUBA;580;14;3502200;Angatuba
JURU02500;Reservatório Jurumirim;Ponte na rodovia SP-255, no trecho que liga Avaré a Itaí.;2001-05-05;NA;AVARÉ;368;14;3504503;Avaré
PALT04970;Ribeirão Ponte Alta;Na Ponte da E.F.Sorocabana, no Bairro Curuça 1, perto da  confluência com o rio Itapetininga.;2006-03-17;NA;ITAPETININGA;1334;14;3522307;Itapetininga
TURR02800;RIO Turvo- UGHRI 14;Ponte na Rod. SP-127, na altura do km 192, na divisa de São Miguel Arcanjo e Itapetininga, próximo da Régua do DAEE 5E-009.;2016-01-01;NA;ITAPETININGA;2523;14;3522307;Itapetininga
TAQR02400;Rio Taquari;Ponte na Rod. SP-249, que liga Itapeva a Itaberá. próximo à régua do DAEE 5E-002.;1979-01-01;NA;ITAPEVA;156;14;3522406;Itapeva
VERD02750;Rio Verde;Ponte na SP-255, na entrada da cidade de Itaporanga.;2013-01-01;NA;ITAPORANGA;2243;14;3522802;Itaporanga
ITAR02500;Rio Itararé;Ponte na rod. que liga Itaporanga a Santana do Itararé( PR), na divisa de São Paulo com Paraná.;1980-07-01;NA;ITAPORANGA;154;14;3522802;Itaporanga
BOIB02950;Córr. Boi Branco;Ponte a 200m da entrada da Faz. Boi Branco, no distrito Holambra II.;2018-01-01;NA;PARANAPANEMA;2532;14;3535804;Paranapanema
SMIG02800;Rio São Miguel Arcanjo;Ponte na estrada SP 250 (S.Miguel Arcanjo/Capão Bonito), na fazenda Pinhalzinho;2005-10-01;NA;SAO MIGUEL ARCANJO;1162;14;3550209;São Miguel Arcanjo
SMIG02500;Rio São Miguel Arcanjo;Ponte na  SP 268, na estrada vicinal para o bairro Santa Cruz, a montante da cidade de S.M Arcanjo;2005-10-01;NA;SAO MIGUEL ARCANJO;1163;14;3550209;São Miguel Arcanjo
GAPE02900;Lagoa do Guapé;No Parque Municipal de São Miguel Arcanjo;2005-10-01;NA;SAO MIGUEL ARCANJO;1164;14;3550209;São Miguel Arcanjo
PARP02100;Rio Paranapanema;Ponte na rodovia que liga Campina do Monte Alegre a Buri.;1978-09-01;NA;CAMPINA DO MONTE ALEGRE;264;14;3509452;Campina Do Monte Alegre
APIA02600;Rio Apiaí-Guaçu;Ponte na Rod. SP-258 (Francisco Alves Negrão), na altura do km 358.;2017-01-01;NA;TAQUARIVAI;2531;14;3553856;Taquarivaí
SDOM04300;Ribeirão São Domingos;A MONTANTE DA CIDADE DE CATANDUVA;2010-01-01;NA;CATANDUVA;2050;15;3511102;Catanduva
SDOM04500;Ribeirão São Domingos;Ponte na Rua J. Zancaner, em Catiguá. Junto a régua do DAEE 6C-008L.;1980-01-01;NA;CATIGUA;240;15;3511201;Catiguá
TURV02500;Rio Turvo - UGHRI 15;Ponte na rodovia que liga São José do Rio Preto a Olímpia.;1979-01-01;NA;GUAPIACU;241;15;3517505;Guapiaçu
GRDE02500;Rio Grande - UGRHI 08, 12 e 15;Ponte na rodovia BR-153, a jusante da Usina Hidréletrica Marimbondo na divisa com o Estado de Minas Gerais;1974-10-01;2000-12-31;ICEM;238;15;3519808;Icém
TURV02800;Rio Turvo - UGHRI 15;Ponte na estrada Municipal que liga Nova Granada a Samambaia, junto ao Posto DAEE 6B-009.;1974-10-01;NA;NOVA GRANADA;242;15;3533007;Nova Granada
CXEI02550;Rio da Cachoeirinha;Ponte na Estrada Antiga Estrada Boaideira.;2015-01-01;NA;OLIMPIA;2481;15;3533908;Olímpia
MATA04900;Córrego Matadouro - UGRHI 15;Ponte na rua Síria, no Jardim Glória, proximo da sua foz no Córrego Olhos Dágua.;2016-01-01;NA;OLIMPIA;2504;15;3533908;Olímpia
OLHO02690;Córrego dos Olhos d Água;Ponte na Rua Durval Brite, a montante do Córrego do Matadouro;2015-07-01;NA;OLIMPIA;2510;15;3533908;Olímpia
CXEI02900;Rio da Cachoeirinha;PONTE NA ESTRADA DE TERRA QUE LIGA OS DISTRITOS DE BAGUAÇU A RIBEIRO DOS SANTOS.;2011-01-01;NA;OLIMPIA;2122;15;3533908;Olímpia
PRET02800;Rio Preto - UGRHI 15;Ponte na rodovia que liga Américo de Campos a Palestina.;1974-10-01;NA;PALESTINA;237;15;3535002;Palestina
ONCA02500;Ribeirão da Onça (UGRHI15);Ponte na rodovia que liga Palmares Paulista a Paraíso.;1980-01-01;NA;PALMARES PAULISTA;239;15;3535101;Palmares Paulista
TURV02300;Rio Turvo - UGHRI 15;Ponte na vicinal  entre Paraíso e Monte Azul Paulista, junto a Régua do DAEE 5B-010.;2013-01-01;NA;PARAISO;2254;15;3535705;Paraíso
MARI04250;Ribeirão do Marinheiro;Ponte na vicinal Isidoro Parise, na divisa de municípios de Pedranopolis e Parisi.;2013-01-01;NA;PEDRANOPOLIS;2223;15;3536901;Pedranópolis
RITA02700;Ribeirão Santa Rita;Ponte na SP-463, na divisa Mun. de Ouroeste e Populina. Junto a régua da DAEE 7A-001R.;2013-01-01;NA;POPULINA;2212;15;3540408;Populina
RPRE02200;Reservatório do Rio Preto;Na captação da ETA de São José do Rio Preto.;1984-02-01;NA;SÃO JOSÉ DO RIO PRETO;236;15;3549805;São José Do Rio Preto
BILU02900;Córrego da Biluca;NA ENTRADA DA EST.ECOLOGICA DA UNESP;2008-11-01;NA;SÃO JOSÉ DO RIO PRETO;1769;15;3549805;São José Do Rio Preto
MOIS02300;Córrego do Morais;NA ENTRADA DA ESTAÇÃO ECOLÓGICA DA UNESP;2008-11-01;NA;SÃO JOSÉ DO RIO PRETO;1770;15;3549805;São José Do Rio Preto
MOIS02600;Córrego do Morais;NA REPRESA DO MORAIS, DENTRO DO INST. PENAL AGRÍCOLA, NO VERTEDOURO DA MARGEM DIREITA;2008-11-01;NA;SÃO JOSÉ DO RIO PRETO;1771;15;3549805;São José Do Rio Preto
IADE04500;Córrego da Piedade;No tubulão sob a ponte da  SP - 310.;2008-11-01;NA;SÃO JOSÉ DO RIO PRETO;1772;15;3549805;São José Do Rio Preto
SDOM03900;Ribeirão São Domingos;Na ponte do Pingadouro, em Tabapuã.;2005-07-01;NA;TABAPUA;1036;15;3552601;Tabapuã
SDOM04600;Ribeirão São Domingos;Na ponte do Japurá, em Uchôa.;2005-07-01;2009-12-31;UCHOA;1034;15;3555604;Uchoa
SDOM03700;Ribeirão São Domingos;Na ponte Tabapuã, na rodovia que liga Uchoa a Tabapuã;2005-07-01;2009-12-31;UCHOA;1035;15;3555604;Uchoa
RMAR02900;Reservatório do Córrego Marinheirinho;NO PIER DA CAPTAÇÃO DO SAEV DE VOTUPORANGA;2011-01-01;NA;VOTUPORANGA;2116;15;3557105;Votuporanga
PRET04300;Rio Preto - UGRHI 15;Ponte na estrada que liga a cidade de Ipigua à  Rodovia BR -153.;2000-10-17;NA;IPIGUÁ;369;15;3521150;Ipiguá
GRDE02800;Rio Grande - UGRHI 08, 12 e 15;Na ponte da  SP 463, na divisa de estado SP/MG, a jusante do Res. de Agua Vermelha.;2013-01-01;NA;OUROESTE;2214;15;3534757;Ouroeste
TIPR02700;Reservatório de Promissão;No corpo central, na altura do braço do Rio Dourado;2007-01-01;NA;ADOLFO;1367;16;3500204;Adolfo
DADO02990;Rio Dourado;Na foz do Braço do rio Dourado com o Reservatório de Promissâo;2007-04-01;NA;ADOLFO;1360;16;3500204;Adolfo
BATA02300;Rio Batalha;Ponte na rodovia Marechal Rondon (SP-300), na altura do km 373, a jusante de Avaí.;2015-06-01;NA;AVAI;2540;16;3504305;Avaí
BATA02050;Rio Batalha;Na captação de Bauru.;2001-01-01;NA;BAURU;564;16;3506003;Bauru
DADO02800;Rio Dourado;Ponte na SP 381, entre Lins e Sabino.;2007-04-01;NA;GUAICARA;1357;16;3517208;Guaiçara
DADO02600;Rio Dourado;Ponte na SP-333 entre Guarantã e Pongaí;2007-04-01;NA;GUARANTA;1356;16;3518107;Guarantã
TIET02600;Rio Tietê;Margem direita, jusante do canal de fuga da casa de força da Usina Hidrelétrica de Ibitinga.;1974-10-01;NA;IBITINGA;189;16;3519600;Ibitinga
SLOU03700;Rio São Lourenço;Ponte na estrada de terra paralela a Rod. Dr. Mauricio Antunes Ferraz. A jusante da ETE de Itápolis.;2014-01-01;NA;ITAPOLIS;2303;16;3522703;Itápolis
BMAN02250;Braço do Rio Barra Mansa;Ponte na SP-304, na divisa municipal de Mendonça / Sales.;2020-01-01;NA;MENDONCA;3345;16;3529500;Mendonça
TIPR02400;Reservatório de Promissão;Ponte na rodovia SP-333, no trecho que liga Pongaí a Borborema.;1978-01-01;2000-12-31;PONGAI;188;16;3540101;Pongaí
DADO02900;Rio Dourado;A jusante da entrada do Rib.Campestre;2007-01-01;NA;PROMISSAO;1364;16;3541604;Promissão
CTRE04800;Ribeirão Campestre;A 3 km montante da foz no Rio Dourado.;2007-01-01;NA;PROMISSAO;1365;16;3541604;Promissão
TIPR02990;Reservatório de Promissão;A montante da barragem de Promissão, próximo do vertedouro;2007-01-01;NA;PROMISSAO;1392;16;3541604;Promissão
BATA02800;Rio Batalha;Ponte na rodovia SP-331, no trecho que liga Reginópolis a Pirajuí, ao lado da régua DAEE 6C-001.;2001-01-01;NA;REGINOPOLIS;370;16;3542503;Reginópolis
TIPR02650;Reservatório de Promissão;No corpo central, na altura do braço do Rib. Esgotão, em Sabino;2007-01-01;NA;SABINO;1366;16;3544608;Sabino
ESGT02050;Córrego do Esgotão;Ponte na SP 381, na entrada de Sabino;2007-04-01;NA;SABINO;1358;16;3544608;Sabino
ESGT02990;Córrego do Esgotão;Na foz do braço do Rib Escotão com o Rio Tiete;2007-04-01;NA;SABINO;1359;16;3544608;Sabino
ESGT02700;Córrego do Esgotão;Córrego onde cai o efluente tratado da ETE de Sabino;2007-01-01;NA;SABINO;1368;16;3544608;Sabino
BFAR02250;Braço do Ribeirão da Fartura;No corpo Central, em frente a Prainha de Ubarana.;2020-01-01;NA;UBARANA;3341;16;3555356;Ubarana
NOVO02450;Rio Novo-Af. Pardo UGRHI 17;PONTE NA SP 255 (ROD. JOÃO MELLÃO), KM 243;2010-01-01;NA;AVARÉ;1949;17;3504503;Avaré
PIVR02700;Rio da Capivara - UGRHI 17;Na ponte da Rodovia Raposo Tavares, km 473,  em Maracaí, próximo a régua DAEE 7D-013.;2015-01-01;NA;MARACAI;2438;17;3528809;Maracaí
PADO02600;Rio Pardo - UGRHI 17;Captação de Ourinhos.;1981-01-01;NA;OURINHOS;321;17;3534708;Ourinhos
PARP02500;Rio Paranapanema;Ponte na rodovia BR-153, no município de Ourinhos.;1996-07-04;NA;OURINHOS;190;17;3534708;Ourinhos
PARI02700;Rio do Pari;Ponte na estrada de terra que liga Palmital ao distrito de Sussuí, junto a régua do DAEE 7D-006.;2015-01-01;NA;PALMITAL;2436;17;3535309;Palmital
PIVI02850;Ribeirão Capivari - UGRHI 17;Na ponte do distrito de Agissê, junto a régua do DAEE-7D-012.;2015-01-01;NA;RANCHARIA;2437;17;3542206;Rancharia
NOSG02500;Braço do Rio Novo- UGRHI 17;Ponte no Braço do Rio Novo na estrada Salto Grande/Cambará, na saída da cidade.;2020-01-01;NA;SALTO GRANDE;3338;17;3545407;Salto Grande
PADO02400;Rio Pardo - UGRHI 17;Ponte na entrada de Águas de Santa Bárbara ao lado da Nestlé, junto à régua do DAEE 6D-002.;2016-01-01;NA;ÁGUAS DE SANTA BARBARA;2513;17;3500550;Águas De Santa Bárbara
PADO02500;Rio Pardo - UGRHI 17;Ponte na rodovia ao lado da captação da SABESP, em Santa Cruz do Rio Pardo.;2001-01-01;NA;SANTA CRUZ DO RIO PARDO;565;17;3546405;Santa Cruz Do Rio Pardo
SJDO02500;Rio São José dos Dourados;Ponte na rodovia SP-463, no trecho que liga Araçatuba a Jales.;1974-10-01;NA;GENERAL SALGADO;251;18;3516903;General Salgado
SJDO02150;Rio São José dos Dourados;Na ponte da estrada de terra das 2 pontes, à jusante da ETE de Monte Aprazível.;2013-01-01;NA;MONTE APRAZIVEL;2219;18;3531407;Monte Aprazível
BPEN02400;Braço do Rib. Ponte Pensa;Ponte na rodovia dos Barrageiros (SP 595, km 101).;2013-01-01;NA;TRES FRONTEIRAS;2226;18;3554904;Três Fronteiras
ISOL02995;Reservatório de Ilha Solteira;Na barragem do reservatório de Ilha Solteira (SP 310).;2013-01-01;NA;ILHA SOLTEIRA;2227;18;3520442;Ilha Solteira
BSJD02900;Braço do Rio São José dos Dourados;Ponte na Rodovia dos Barrageiros entre os municípios de Ilha Solteira/Três Fronteiras.;2013-01-01;NA;ILHA SOLTEIRA;2221;18;3520442;Ilha Solteira
BSJD02200;Braço do Rio São José dos Dourados;Ponte na vicinal Suzanápolis /Pereira Barreto, na divisa de município.;2013-01-01;NA;SUZANÁPOLIS;2220;18;3552551;Suzanápolis
MOIN02600;Ribeirão do Moinho;Ponte na SP- 563 junto à régua do DAEE 8C-009.;2013-01-01;NA;ANDRADINA;2218;19;3502101;Andradina
TITR02100;Reservatório de Três Irmãos;Ponte na rodovia SP-463, no trecho que liga Araçatuba a Jales, a 1 km da captação de Araçatuba.;1990-11-06;NA;ARAÇATUBA;204;19;3502804;Araçatuba
BAGU02700;Ribeirão Baguaçu;Na Avenida Baguaçu, 1530, na captação do município de Araçatuba.;2001-01-01;NA;ARAÇATUBA;558;19;3502804;Araçatuba
XOTE02500;Córrego do Baixote;Na estrada municipal que liga Birigüi a Coroados, na captação de Birigüi.;2001-01-01;NA;BIRIGUI;562;19;3506508;Birigui
BBRA02700;Braço do Ribeirão Santa Bárbara - UGRHI 19;No pier do Náutico Clube Buritama.;2020-01-01;NA;BURITAMA;3344;19;3508108;Buritama
PARN02100;Rio Paraná;Sobre a barragem do Reservatório de Jupiá, ao lado da ETA.;1974-10-01;NA;CASTILHO;202;19;3511003;Castilho
PARN02110;Rio Paraná;Rio Paraná, à jusante da barragem de Jupiá.;2016-10-01;NA;CASTILHO;2611;19;3511003;Castilho
FRUT02800;Córrego do Frutal;Ponte na Rodovia Marechal Rondon (SP-300) antes do trevo de Guararapes, próximo da placa da saída 553 A.;2015-01-01;NA;GUARARAPES;2440;19;3518206;Guararapes
TIET02900;Rio Tietê;Ponte sobre o Rio Tiete na SP 595, próximo da sua foz com o Rio Paraná.;2014-01-01;NA;ITAPURA;2222;19;3523008;Itapura
LAGE02500;Ribeirão Lageado;Rua Altino Vaz de Melo, na captação do município de Penápolis.;2001-01-01;NA;PENAPOLIS;556;19;3537305;Penápolis
TITR02800;Reservatório de Três Irmãos;Ponte na rodovia SP-563, no trecho que liga Pereira Barreto a Andradina.;1974-10-01;NA;PEREIRA BARRETO;205;19;3537404;Pereira Barreto
PATO02900;Ribeirão dos Patos;Ponte na estrada de terra, a 3 km da BR 153, na altura da UHE de Promissão;2007-01-01;NA;PROMISSAO;1403;19;3541604;Promissão
TIET02700;Rio Tietê;Ponte na rod. BR-153, no trecho que liga Lins a José Bonifácio, a jusante da barragem de Promissão.;1974-10-01;NA;PROMISSAO;203;19;3541604;Promissão
AGUA02500;Rio Aguapeí ou Feio;Ponte na rodovia SP-541, que liga Valparaíso - Adamantina, na régua do DAEE: 8C-004.;2014-01-01;NA;ADAMANTINA;2333;20;3500105;Adamantina
AGUA02010;Rio Aguapeí ou Feio;Ponte na Rodovia que liga Marília a Guarantã.;2001-01-01;NA;GUARANTA;559;20;3518107;Guarantã
AGUA02800;Rio Aguapeí ou Feio;Ponte que liga Tupi Paulista a Andradina.;1974-10-01;NA;JUNQUEIROPOLIS;194;20;3526001;Junqueirópolis
BESP04900;Córrego da Boa Esperança;Ponte a cerca  de 1 km da foz do Córrego da Boa Esperança com o Ribeirão Aguapeí-Mirim.;2016-01-01;NA;LUCELIA;2368;20;3527405;Lucélia
ANOR02300;Córrego da Água Norte;No Represamento do Manancial de Captação de Marília;2006-03-01;2016-12-31;MARILIA;1247;20;3529005;Marília
TBIR03300;Rio Tibiriçá;Ponte na Rodovia BR-153, no trecho que liga Marília a São José do Rio Preto.;2001-01-01;NA;MARILIA;557;20;3529005;Marília
CASC02050;Reservatório Cascata;Reservatório Cascata, Manancial de captação  de Marília, no  Bairro Maria Isabel;2001-01-01;NA;MARILIA;560;20;3529005;Marília
RECA02900;Ribeirão das Marrecas;Ponte na entrada da cidade na Rodovia Comandante João Ribeiro de Barros.;2015-01-01;NA;PANORAMA;2256;20;3535408;Panorama
PARN02400;Rio Paraná;Rio Paraná - Próximo a ponte que liga Paulicéia a Brasilândia/MS;2016-10-01;NA;PAULICEIA;2612;20;3536406;Paulicéia
AGUA02200;Rio Aguapeí ou Feio;Ponte na rodovia SP 461, na divisa de  Rinópolis / Piacatu.;2019-12-01;NA;PIACATU;3360;20;3537701;Piacatu
TBIR02700;Rio Tibiriçá;Ponte na rodovia que liga Getulina a Queiroz, junto a régua do DAEE 7C-012.;1979-03-01;2000-12-31;QUEIRÓS;195;20;3541802;Queiroz
AGUA02100;Rio Aguapeí ou Feio;Ponte na SP-425 que liga Parapuã a Penápolis;1979-01-01;NA;SANTOPOLIS DO AGUAPEI;193;20;3548401;Santópolis Do Aguapeí
IACR03750;Rio Iacri;A jusante da entrada do Rio Afonso XIII. Ponte na estrada de terra para a aldeia dos índios.;2014-01-01;NA;TUPA;2335;20;3555000;Tupã
PEIX02400;Rio do Peixe-UGRHI 21;Ponte na Rod. Brigadeiro Eduardo Gomes na divisa Bastos/Rancharia.;2014-01-01;NA;BASTOS;2332;21;3505807;Bastos
PEIX02600;Rio do Peixe-UGRHI 21;Ponte na estrada que liga Caiabú a Mariápolis, 3km a montante da captação da SABESP de Presidente Prudente.;2011-01-01;NA;CAIABU;2132;21;3508900;Caiabu
PEIX02950;Rio do Peixe-UGRHI 21;Na Foz do Rio do Peixe,  800 m à jusante da Ponte de Arco, entre Panorama/ Capinal.;2020-01-01;NA;CAIUA;3396;21;3509106;Caiuá
PEIX02800;Rio do Peixe-UGRHI 21;Ponte na rodovia que liga Tupi Paulista à Presidente Venceslau.;1979-01-17;NA;DRACENA;196;21;3514403;Dracena
PEIX02100;Rio do Peixe-UGRHI 21;Ponte na rodovia que liga Marília a Assis.;1979-01-01;NA;MARILIA;191;21;3529005;Marília
ARPE02800;Reservatório do Arrependido;No reservatório do Rio Arrependido, na captação de Marília,;2001-01-01;NA;MARILIA;561;21;3529005;Marília
VEAD02950;Ribeirão do Veado;Ponte na Vicinal Pres. Epitácio/ Campinal;2018-01-01;NA;PRESIDENTE VENCESLAU;2654;21;3541505;Presidente Venceslau
STAN04400;Rio Santo Anastácio;Ponte sobre o Rio Sto.Anastácio, na divisa do  bairro do Cruzeiro com o bairro Boa Esperança.;2004-01-01;NA;ALVARES MACHADO;698;22;3501301;Álvares Machado
PIZI02900;Rio Pirapozinho;Ponte na Rod. SP-613, próximo ao km 13.;2016-01-01;NA;MIRANTE DO PARANAPANEMA;2550;22;3530201;Mirante Do Paranapanema
STAN02700;Rio Santo Anastácio;Ponte na rodovia que liga Presidente Venceslau a Teodoro Sampaio, SP 563.;1978-01-01;NA;PIQUEROBI;200;22;3538303;Piquerobi
PARN02750;Rio Paraná;Ponte na rodovia que liga Presidente Epitácio (SP) a Bataguaçú (MS);1996-07-24;2000-12-31;PRESIDENTE EPITACIO;197;22;3541307;Presidente Epitácio
PARN02740;Rio Paraná;Margem esquerda do Rio Paraná,  à jusante do Rio Santo Anastacio, próximo da Pousada Cururu, em Presidente Epitácio.;2016-10-01;NA;PRESIDENTE EPITACIO;2610;22;3541307;Presidente Epitácio
KAIU02950;Ribeirão CAIUÁ - UGRHI 22;Na ponte na vicinal SPV-71, próximo à Delegacia fluvial de Pres. Epitácio.;2018-01-01;NA;PRESIDENTE EPITACIO;2657;22;3541307;Presidente Epitácio
STAN02300;Rio Santo Anastácio;Ponte na Rod. Assis Chateaubriand. Rodovia que liga Presidente Prudente - Pirapozinho. Junto a régua do DAEE: 8D-002.;2014-01-01;NA;PRESIDENTE PRUDENTE;2334;22;3541406;Presidente Prudente
SALT02700;Ribeirão do Saltinho;Ponte na Rod. Euclides de Figueiredo, SP- 363 km  69, na divisa Piquerobi/ Pres. Venceslau;2016-01-01;NA;PRESIDENTE VENCESLAU;2294;22;3541505;Presidente Venceslau
VVEM04700;Ribeirão Vai-e-Vem;A aproximadamente 3,5 km a montante da confluência com o Rio Santo Anastácio.;2015-01-01;NA;SANTO ANASTACIO;2430;22;3547700;Santo Anastácio
PARP02750;Rio Paranapanema;Ponte 800m à jusante da barragem de Capivara.;1974-10-01;NA;TACIBA;192;22;3552908;Taciba
PARN02910;Rio Paraná;A jusante da Usina de Porto Primavera;2016-10-01;NA;ROSANA;2609;22;3544251;Rosana
PARN02900;Rio Paraná;Na barragem do reservatório de Porto Primavera.;1996-07-24;NA;ROSANA;198;22;3544251;Rosana
PARP02900;Rio Paranapanema;A jusante da barragem da Usina de Rosana, na rodovia SP-613.;1996-07-24;NA;ROSANA;199;22;3544251;Rosana
